[08:03:49] [INFO] ==================================================================
[08:03:49] [INFO]       AUTO GOLIKE TIKTOK - MÁY TRẠNG THÁI AI-NATIVE HIỆN ĐẠI      
[08:03:49] [INFO] ==================================================================
[08:03:49] [SUCCESS] Đã kết nối thành công tới thiết bị: dd1d8712
[08:03:49] [WARNING] Thiếu ảnh mẫu: 'templates\nut_dong_quang_cao.png'. Bỏ qua nút này.
[08:03:49] [WARNING] Thiếu ảnh mẫu: 'templates\nut_tiep_tuc.png'. Bỏ qua nút này.
[08:03:50] [INFO] Đã load thành công 14 ảnh mẫu từ thư mục 'templates'.
[08:03:50] [INFO] Bắt đầu vòng lặp điều phối trạng thái... Nhấn Ctrl+C để dừng.
[08:03:50] [INFO] Vui lòng mở ứng dụng Golike dưới dạng Cửa sổ nổi đè lên TikTok.
[08:03:53] [JOB] Không thấy nút Nhận Job. Đang vuốt lên để tìm...
[08:03:58] [JOB] Bấm Nhận Job ngay tại (283, 1105)
[08:04:05] [INFO] Đã nhận diện được giao diện mới. Kết thúc chế độ chờ load job.
[08:04:06] [TIKTOK] Bấm nút mở app TikTok tại (252, 1274). Chờ chuyển hướng...
[08:04:24] [TIKTOK] 💖 Tìm thấy nút Follow đỏ tại (164, 424). Tiến hành follow...
[08:04:33] [JOB] Bấm nút Hoàn thành tại (250, 1299)
[08:04:39] [INFO] Nhấn nút OK tại (252, 1326). Đang kiểm tra kết quả Job...
[08:04:40] [SUCCESS] 🎉 GHI NHẬN THÀNH CÔNG! Đã hoàn thành 1 job! 🚀
[08:04:46] [JOB] Không thấy nút Nhận Job. Đang vuốt lên để tìm...
[08:04:51] [JOB] Bấm Nhận Job ngay tại (283, 1105)
[08:04:58] [INFO] Đã nhận diện được giao diện mới. Kết thúc chế độ chờ load job.
[08:04:59] [CAPTCHA] Phát hiện màn hình Captcha Xác minh nhanh!
[08:04:59] [WARNING] Không thể dò tìm đủ vật thể Captcha (Khối vuông/Đích đến). Chuyển báo lỗi để bỏ qua job.
[08:05:01] [CAPTCHA] Phát hiện màn hình Captcha Xác minh nhanh!
[08:05:01] [WARNING] Không thể dò tìm đủ vật thể Captcha (Khối vuông/Đích đến). Chuyển báo lỗi để bỏ qua job.
[08:05:04] [CAPTCHA] Phát hiện màn hình Captcha Xác minh nhanh!
[08:05:04] [WARNING] Không thể dò tìm đủ vật thể Captcha (Khối vuông/Đích đến). Chuyển báo lỗi để bỏ qua job.
[08:05:06] [CAPTCHA] Phát hiện màn hình Captcha Xác minh nhanh!
[08:05:06] [WARNING] Không thể dò tìm đủ vật thể Captcha (Khối vuông/Đích đến). Chuyển báo lỗi để bỏ qua job.
[08:05:07] [CAPTCHA] Phát hiện màn hình Captcha Xác minh nhanh!
[08:05:08] [WARNING] Không thể dò tìm đủ vật thể Captcha (Khối vuông/Đích đến). Chuyển báo lỗi để bỏ qua job.
[08:05:09] [CAPTCHA] Phát hiện màn hình Captcha Xác minh nhanh!
[08:05:09] [WARNING] Không thể dò tìm đủ vật thể Captcha (Khối vuông/Đích đến). Chuyển báo lỗi để bỏ qua job.
[08:05:10] [SUCCESS] Đã nhận được lệnh dừng từ người dùng. Kết thúc chương trình.
[08:17:11] [SUCCESS] ==================================================================
[08:17:11] [SUCCESS] 🚀 WEB SERVER ĐANG CHẠY TẠI: http://localhost:5000
[08:17:11] [SUCCESS] ==================================================================
[08:17:11] [SUCCESS] Đã kết nối thiết bị: dd1d8712
[08:17:11] [WARNING] Thiếu ảnh mẫu: 'templates\nut_dong_quang_cao.png'. Bỏ qua.
[08:17:11] [WARNING] Thiếu ảnh mẫu: 'templates\nut_tiep_tuc.png'. Bỏ qua.
[08:17:12] [INFO] Đã load thành công 14 ảnh mẫu.
[08:17:14] [JOB] Vuốt tìm Job mới...
[08:17:18] [SUCCESS] Dừng bot.
[08:18:51] [SUCCESS] ==================================================================
[08:18:51] [SUCCESS] 🚀 WEB SERVER ĐANG CHẠY TẠI: http://localhost:5000
[08:18:51] [SUCCESS] ==================================================================
[08:18:51] [SUCCESS] Đã kết nối thiết bị: dd1d8712
[08:18:51] [WARNING] Thiếu ảnh mẫu: 'templates\nut_dong_quang_cao.png'. Bỏ qua.
[08:18:51] [WARNING] Thiếu ảnh mẫu: 'templates\nut_tiep_tuc.png'. Bỏ qua.
[08:18:51] [INFO] Đã load thành công 14 ảnh mẫu.
[08:18:53] [JOB] Nhận Job mới...
[08:19:00] [INFO] Đã load xong giao diện.
[08:19:01] [TIKTOK] Bấm nút mở app TikTok...
[08:19:11] [TIKTOK] 💖 Bấm Follow TikTok tại (164, 424)
[08:19:19] [JOB] Click Hoàn thành...
[08:19:25] [INFO] Bấm OK nhận kết quả Job...
[08:19:25] [SUCCESS] Đã hoàn thành thành công 1 job!
[08:19:32] [JOB] Vuốt tìm Job mới...
[08:19:35] [JOB] Nhận Job mới...
[08:19:40] [INFO] Đã load xong giao diện.
[08:19:41] [TIKTOK] Bấm nút mở app TikTok...
[08:19:52] [TIKTOK] 💖 Bấm Follow TikTok tại (164, 424)
[08:19:59] [JOB] Click Hoàn thành...
[08:20:04] [INFO] Bấm OK nhận kết quả Job...
[08:20:05] [SUCCESS] Đã hoàn thành thành công 2 job!
[08:20:11] [JOB] Vuốt tìm Job mới...
[08:20:15] [JOB] Nhận Job mới...
[08:20:19] [INFO] Đã load xong giao diện.
[08:20:20] [TIKTOK] Bấm nút mở app TikTok...
[08:20:45] [TIKTOK] 💖 Bấm Follow TikTok tại (361, 325)
[08:20:58] [INFO] Vuốt tìm nút Hoàn thành...
[08:21:03] [INFO] Vuốt tìm nút Hoàn thành...
[08:21:06] [INFO] Bấm OK nhận kết quả Job...
[08:21:07] [SUCCESS] Đã hoàn thành thành công 3 job!
[08:21:14] [JOB] Vuốt tìm Job mới...
[08:21:18] [JOB] Nhận Job mới...
[08:21:24] [INFO] Đã load xong giao diện.
[08:21:25] [TIKTOK] Bấm nút mở app TikTok...
[08:21:36] [TIKTOK] 💖 Bấm Follow TikTok tại (88, 397)
[08:21:46] [JOB] Click Hoàn thành...
[08:21:51] [INFO] Vuốt tìm nút Hoàn thành...
[08:21:55] [INFO] Bấm OK nhận kết quả Job...
[08:21:55] [WARNING] Hệ thống báo lỗi. Bật cờ báo lỗi...
[08:22:03] [JOB] Gửi báo cáo...
[08:22:07] [TIKTOK] Bấm nút mở app TikTok...
[08:22:18] [WARNING] Không thấy nút Follow TikTok màu đỏ.
[08:22:23] [WARNING] Chưa thấy tương tác, thực hiện lại...
[08:22:23] [WARNING] Không thấy nút Follow TikTok màu đỏ.
[08:22:26] [WARNING] Chưa thấy tương tác, thực hiện lại...
[08:22:26] [WARNING] Không thấy nút Follow TikTok màu đỏ.
[08:22:28] [WARNING] Chưa thấy tương tác, thực hiện lại...
[08:22:28] [WARNING] Không thấy nút Follow TikTok màu đỏ.
[08:22:30] [WARNING] Chưa thấy tương tác, thực hiện lại...
[08:22:30] [TIKTOK] 💖 Bấm Follow TikTok tại (264, 355)
[08:22:36] [JOB] Click Hoàn thành...
[08:22:42] [SUCCESS] Dừng bot.
[08:27:54] [SUCCESS] ==================================================================
[08:27:54] [SUCCESS] 🚀 WEB SERVER ĐANG CHẠY TẠI: http://localhost:5000
[08:27:54] [SUCCESS] ==================================================================
[08:27:55] [SUCCESS] Đã kết nối thiết bị: dd1d8712
[08:27:55] [WARNING] Thiếu ảnh mẫu: 'templates\nut_dong_quang_cao.png'. Bỏ qua.
[08:27:55] [WARNING] Thiếu ảnh mẫu: 'templates\nut_tiep_tuc.png'. Bỏ qua.
[08:27:55] [INFO] Đã load thành công 14 ảnh mẫu.
[08:27:58] [JOB] Vuốt tìm Job mới...
[08:28:03] [JOB] Nhận Job mới...
[08:28:07] [INFO] Đã load xong giao diện.
[08:28:09] [TIKTOK] Bấm nút mở app TikTok...
[08:28:19] [WARNING] Không thấy nút Follow TikTok màu đỏ.
[08:28:22] [INFO] Đã thay đổi Chế độ học tập sang: True
[08:29:10] [SUCCESS] Dừng bot.
[08:38:28] [SUCCESS] ==================================================================
[08:38:28] [SUCCESS] 🚀 WEB SERVER ĐANG CHẠY TẠI: http://localhost:5000
[08:38:28] [SUCCESS] ==================================================================
[08:38:28] [SUCCESS] Đã kết nối thiết bị: dd1d8712
[08:38:28] [WARNING] Thiếu ảnh mẫu: 'templates\nut_dong_quang_cao.png'. Bỏ qua.
[08:38:28] [WARNING] Thiếu ảnh mẫu: 'templates\nut_tiep_tuc.png'. Bỏ qua.
[08:38:28] [INFO] Đã load thành công 14 ảnh mẫu.
[08:38:31] [JOB] Vuốt tìm Job mới...
[08:38:36] [JOB] Nhận Job mới...
[08:38:44] [INFO] Đã load xong giao diện.
[08:38:46] [TIKTOK] Bấm nút mở app TikTok...
[08:39:03] [TIKTOK] 💖 Bấm Follow TikTok tại (224, 236)
[08:39:15] [JOB] Click Hoàn thành...
[08:39:18] [SUCCESS] Dừng bot.
[08:44:11] [SUCCESS] ==================================================================
[08:44:11] [SUCCESS] 🚀 WEB SERVER ĐANG CHẠY TẠI: http://localhost:5000
[08:44:11] [SUCCESS] ==================================================================
[08:44:11] [SUCCESS] Đã kết nối thiết bị: dd1d8712
[08:44:11] [WARNING] Thiếu ảnh mẫu: 'templates\nut_dong_quang_cao.png'. Bỏ qua.
[08:44:11] [WARNING] Thiếu ảnh mẫu: 'templates\nut_tiep_tuc.png'. Bỏ qua.
[08:44:11] [INFO] Đã load thành công 14 ảnh mẫu.
[08:44:13] [JOB] Vuốt tìm Job mới...
[08:44:17] [JOB] Nhận Job mới...
[08:44:22] [WARNING] Quá thời gian tải job. Tiếp tục...
[08:44:23] [JOB] Nhận Job mới...
[08:44:27] [INFO] Đã load xong giao diện.
[08:44:28] [TIKTOK] Bấm nút mở app TikTok...
[08:44:39] [TIKTOK] 💖 Bấm Follow TikTok tại (164, 424)
[08:44:48] [JOB] Click Hoàn thành...
[08:44:54] [INFO] Bấm OK nhận kết quả Job...
[08:44:55] [WARNING] Hệ thống báo lỗi. Bật cờ báo lỗi...
[08:45:01] [JOB] Gửi báo cáo...
[08:45:05] [JOB] Vuốt tìm Job mới...
[08:45:09] [JOB] Nhận Job mới...
[08:45:15] [INFO] Đã load xong giao diện.
[08:45:17] [TIKTOK] Bấm nút mở app TikTok...
[08:45:28] [TIKTOK] 💖 Bấm Follow TikTok tại (164, 424)
[08:45:36] [JOB] Click Hoàn thành...
[08:45:42] [INFO] Bấm OK nhận kết quả Job...
[08:45:42] [SUCCESS] Đã hoàn thành thành công 1 job!
[08:45:44] [SUCCESS] Dừng bot.
[08:45:53] [SUCCESS] ==================================================================
[08:45:53] [SUCCESS] 🚀 WEB SERVER ĐANG CHẠY TẠI: http://localhost:5000
[08:45:53] [SUCCESS] ==================================================================
[08:45:53] [SUCCESS] Đã kết nối thiết bị: dd1d8712
[08:45:53] [WARNING] Thiếu ảnh mẫu: 'templates\nut_dong_quang_cao.png'. Bỏ qua.
[08:45:53] [WARNING] Thiếu ảnh mẫu: 'templates\nut_tiep_tuc.png'. Bỏ qua.
[08:45:53] [INFO] Đã load thành công 14 ảnh mẫu.
[08:45:55] [JOB] Vuốt tìm Job mới...
[08:45:59] [JOB] Nhận Job mới...
[08:46:05] [INFO] Đã load xong giao diện.
[08:46:06] [TIKTOK] Bấm nút mở app TikTok...
[08:46:18] [TIKTOK] 💖 Bấm Follow TikTok tại (164, 427)
[08:46:25] [JOB] Click Hoàn thành...
[08:46:30] [INFO] Bấm OK nhận kết quả Job...
[08:46:30] [SUCCESS] Đã hoàn thành thành công 1 job!
[08:46:36] [JOB] Vuốt tìm Job mới...
[08:46:39] [JOB] Nhận Job mới...
[08:46:43] [INFO] Đã load xong giao diện.
[08:46:44] [TIKTOK] Bấm nút mở app TikTok...
[08:46:58] [TIKTOK] 💖 Bấm Follow TikTok tại (164, 424)
[08:47:07] [JOB] Click Hoàn thành...
[08:47:12] [INFO] Bấm OK nhận kết quả Job...
[08:47:12] [SUCCESS] Đã hoàn thành thành công 2 job!
[08:47:12] [SUCCESS] Dừng bot.
[08:47:29] [SUCCESS] ==================================================================
[08:47:29] [SUCCESS] 🚀 WEB SERVER ĐANG CHẠY TẠI: http://localhost:5000
[08:47:29] [SUCCESS] ==================================================================
[08:47:29] [SUCCESS] Đã kết nối thiết bị: dd1d8712
[08:47:29] [WARNING] Thiếu ảnh mẫu: 'templates\nut_dong_quang_cao.png'. Bỏ qua.
[08:47:29] [WARNING] Thiếu ảnh mẫu: 'templates\nut_tiep_tuc.png'. Bỏ qua.
[08:47:29] [INFO] Đã load thành công 14 ảnh mẫu.
[08:47:31] [JOB] Vuốt tìm Job mới...
[08:47:36] [JOB] Nhận Job mới...
[08:47:41] [INFO] Đã load xong giao diện.
[08:47:42] [TIKTOK] Bấm nút mở app TikTok...
[08:47:55] [INFO] [TIKTOK] Phát hiện nút '+' follow đỏ trên avatar tại (671, 313)
[08:47:55] [TIKTOK] 💖 Bấm Follow TikTok tại (671, 313)
[08:48:07] [JOB] Click Hoàn thành...
[08:48:14] [TIKTOK] Bấm nút mở app TikTok...
[08:48:23] [TIKTOK] 💖 Bấm Follow TikTok tại (164, 424)
[08:48:30] [JOB] Click Hoàn thành...
[08:48:35] [INFO] Bấm OK nhận kết quả Job...
[08:48:35] [SUCCESS] Đã hoàn thành thành công 1 job!
[08:48:42] [JOB] Vuốt tìm Job mới...
[08:48:46] [JOB] Nhận Job mới...
[08:48:53] [INFO] Đã load xong giao diện.
[08:48:55] [TIKTOK] Bấm nút mở app TikTok...
[08:49:05] [TIKTOK] 💖 Bấm Follow TikTok tại (164, 424)
[08:49:17] [JOB] Click Hoàn thành...
[08:49:27] [SUCCESS] Dừng bot.
[08:51:50] [SUCCESS] ==================================================================
[08:51:50] [SUCCESS] 🚀 WEB SERVER ĐANG CHẠY TẠI: http://localhost:5000
[08:51:50] [SUCCESS] ==================================================================
[08:51:50] [SUCCESS] Đã kết nối thiết bị: dd1d8712
[08:51:50] [WARNING] Thiếu ảnh mẫu: 'templates\nut_dong_quang_cao.png'. Bỏ qua.
[08:51:50] [WARNING] Thiếu ảnh mẫu: 'templates\nut_tiep_tuc.png'. Bỏ qua.
[08:51:50] [INFO] Đã load thành công 14 ảnh mẫu.
[08:51:51] [JOB] Vuốt tìm Job mới...
[08:51:55] [JOB] Nhận Job mới...
[08:52:00] [INFO] Đã load xong giao diện.
[08:52:01] [TIKTOK] Bấm nút mở app TikTok...
[08:52:11] [TIKTOK] 💖 Bấm Follow TikTok tại (164, 424)
[08:52:21] [JOB] Click Hoàn thành...
[08:52:26] [INFO] Bấm OK nhận kết quả Job...
[08:52:27] [SUCCESS] Đã hoàn thành thành công 1 job!
[08:52:27] [SUCCESS] Dừng bot.
[08:52:54] [SUCCESS] ==================================================================
[08:52:54] [SUCCESS] 🚀 WEB SERVER ĐANG CHẠY TẠI: http://localhost:5000
[08:52:54] [SUCCESS] ==================================================================
[08:52:54] [SUCCESS] Đã kết nối thiết bị: dd1d8712
[08:52:54] [WARNING] Thiếu ảnh mẫu: 'templates\nut_dong_quang_cao.png'. Bỏ qua.
[08:52:54] [WARNING] Thiếu ảnh mẫu: 'templates\nut_tiep_tuc.png'. Bỏ qua.
[08:52:54] [INFO] Đã load thành công 14 ảnh mẫu.
[08:52:56] [JOB] Vuốt tìm Job mới...
[08:53:00] [JOB] Nhận Job mới...
[08:53:05] [WARNING] Quá thời gian tải job. Tiếp tục...
[08:53:27] [INFO] Đã thay đổi Chế độ học tập sang: True
[08:53:30] [INFO] Đã thay đổi Chế độ học tập sang: False
[08:53:35] [SUCCESS] Dừng bot.
[08:54:48] [SUCCESS] ==================================================================
[08:54:48] [SUCCESS] 🚀 WEB SERVER ĐANG CHẠY TẠI: http://localhost:5000
[08:54:48] [SUCCESS] ==================================================================
[08:54:48] [SUCCESS] Đã kết nối thiết bị: dd1d8712
[08:54:48] [WARNING] Thiếu ảnh mẫu: 'templates\nut_dong_quang_cao.png'. Bỏ qua.
[08:54:48] [WARNING] Thiếu ảnh mẫu: 'templates\nut_tiep_tuc.png'. Bỏ qua.
[08:54:48] [INFO] Đã load thành công 14 ảnh mẫu.
[08:54:50] [JOB] Vuốt tìm Job mới...
[08:54:54] [JOB] Nhận Job mới...
[08:54:58] [SUCCESS] Dừng bot.
[08:56:05] [SUCCESS] ==================================================================
[08:56:05] [SUCCESS] 🚀 WEB SERVER ĐANG CHẠY TẠI: http://localhost:5000
[08:56:05] [SUCCESS] ==================================================================
[08:56:05] [SUCCESS] Đã kết nối thiết bị: dd1d8712
[08:56:05] [WARNING] Thiếu ảnh mẫu: 'templates\nut_dong_quang_cao.png'. Bỏ qua.
[08:56:05] [WARNING] Thiếu ảnh mẫu: 'templates\nut_tiep_tuc.png'. Bỏ qua.
[08:56:05] [INFO] Đã load thành công 14 ảnh mẫu.
[08:56:07] [JOB] Vuốt tìm Job mới...
[08:56:11] [JOB] Nhận Job mới...
[08:56:16] [WARNING] Quá thời gian tải job. Tiếp tục...
[08:56:16] [SUCCESS] Dừng bot.
[09:00:22] [SUCCESS] ==================================================================
[09:00:22] [SUCCESS] 🚀 WEB SERVER ĐANG CHẠY TẠI: http://localhost:5000
[09:00:22] [SUCCESS] ==================================================================
[09:00:22] [SUCCESS] Đã kết nối thiết bị: dd1d8712
[09:00:22] [WARNING] Thiếu ảnh mẫu: 'templates\nut_dong_quang_cao.png'. Bỏ qua.
[09:00:22] [WARNING] Thiếu ảnh mẫu: 'templates\nut_tiep_tuc.png'. Bỏ qua.
[09:00:22] [INFO] Đã load thành công 14 ảnh mẫu.
[09:05:07] [SUCCESS] ==================================================================
[09:05:07] [SUCCESS] 🚀 WEB SERVER ĐANG CHẠY TẠI: http://localhost:5000
[09:05:07] [SUCCESS] ==================================================================
[09:05:07] [SUCCESS] Đã kết nối thiết bị: dd1d8712
[09:05:07] [WARNING] Thiếu ảnh mẫu: 'templates\nut_dong_quang_cao.png'. Bỏ qua.
[09:05:07] [WARNING] Thiếu ảnh mẫu: 'templates\nut_tiep_tuc.png'. Bỏ qua.
[09:05:07] [INFO] Đã load thành công 14 ảnh mẫu.
[09:05:17] [INFO] Đã thay đổi Chế độ học tập sang: False
[09:05:21] [JOB] Vuốt tìm Job mới...
[09:05:24] [JOB] Nhận Job mới...
[09:05:29] [WARNING] Quá thời gian tải job. Tiếp tục...
[09:05:39] [SUCCESS] Dừng bot.
[09:06:28] [SUCCESS] ==================================================================
[09:06:28] [SUCCESS] 🚀 WEB SERVER ĐANG CHẠY TẠI: http://localhost:5000
[09:06:28] [SUCCESS] ==================================================================
[09:06:28] [SUCCESS] Đã kết nối thiết bị: dd1d8712
[09:06:28] [WARNING] Thiếu ảnh mẫu: 'templates\nut_dong_quang_cao.png'. Bỏ qua.
[09:06:28] [WARNING] Thiếu ảnh mẫu: 'templates\nut_tiep_tuc.png'. Bỏ qua.
[09:06:28] [INFO] Đã load thành công 14 ảnh mẫu.
[09:06:30] [CAPTCHA] Phát hiện màn hình Captcha Xác minh nhanh trong lúc học tập!
[09:06:30] [CAPTCHA] 🧩 Vui lòng mở http://localhost:5000 để giải và dạy AI...
[09:06:40] [INFO] Đã thay đổi Chế độ học tập sang: False
[09:07:57] [SUCCESS] ==================================================================
[09:07:57] [SUCCESS] 🚀 WEB SERVER ĐANG CHẠY TẠI: http://localhost:5000
[09:07:57] [SUCCESS] ==================================================================
[09:07:57] [SUCCESS] Đã kết nối thiết bị: dd1d8712
[09:07:57] [WARNING] Thiếu ảnh mẫu: 'templates\nut_dong_quang_cao.png'. Bỏ qua.
[09:07:57] [WARNING] Thiếu ảnh mẫu: 'templates\nut_tiep_tuc.png'. Bỏ qua.
[09:07:57] [INFO] Đã load thành công 14 ảnh mẫu.
[09:07:59] [JOB] Vuốt tìm Job mới...
[09:08:02] [JOB] Nhận Job mới...
[09:08:05] [INFO] Đã load xong giao diện.
[09:08:05] [CAPTCHA] Phát hiện màn hình Captcha Xác minh nhanh!
[09:08:08] [CAPTCHA] YOLO không nhận diện được. Kích hoạt chế độ giải live trên Web...
[09:08:08] [CAPTCHA] 🧩 Vui lòng mở http://localhost:5000 để giải Captcha bằng tay...
[09:08:19] [CAPTCHA] Đã nhận tọa độ từ Web: Blue=(376, 1191), Green=(376, 1164). Đang thực thi vuốt...
[09:08:32] [CAPTCHA] Phát hiện màn hình Captcha Xác minh nhanh!
[09:08:32] [CAPTCHA] YOLO không nhận diện được. Kích hoạt chế độ giải live trên Web...
[09:08:32] [CAPTCHA] 🧩 Vui lòng mở http://localhost:5000 để giải Captcha bằng tay...
[09:10:32] [SUCCESS] ==================================================================
[09:10:32] [SUCCESS] 🚀 WEB SERVER ĐANG CHẠY TẠI: http://localhost:5000
[09:10:32] [SUCCESS] ==================================================================
[09:10:32] [SUCCESS] Đã kết nối thiết bị: dd1d8712
[09:10:32] [WARNING] Thiếu ảnh mẫu: 'templates\nut_dong_quang_cao.png'. Bỏ qua.
[09:10:32] [WARNING] Thiếu ảnh mẫu: 'templates\nut_tiep_tuc.png'. Bỏ qua.
[09:10:32] [INFO] Đã load thành công 14 ảnh mẫu.
[09:10:37] [JOB] Vuốt tìm Job mới...
[09:10:41] [JOB] Nhận Job mới...
[09:10:45] [INFO] Đã load xong giao diện.
[09:10:46] [CAPTCHA] Phát hiện màn hình Captcha Xác minh nhanh!
[09:10:53] [CAPTCHA] YOLO không nhận diện được. Kích hoạt chế độ giải live trên Web...
[09:10:53] [CAPTCHA] 🧩 Vui lòng mở http://localhost:5000 để giải Captcha bằng tay...
[09:11:01] [CAPTCHA] Đã nhận tọa độ từ Web: Blue=(386, 1189), Green=(386, 1189). Đang thực thi vuốt...
[09:11:13] [CAPTCHA] Phát hiện màn hình Captcha Xác minh nhanh!
[09:11:14] [CAPTCHA] YOLO không nhận diện được. Kích hoạt chế độ giải live trên Web...
[09:11:14] [CAPTCHA] 🧩 Vui lòng mở http://localhost:5000 để giải Captcha bằng tay...
[09:11:55] [INFO] Nhận được lệnh huấn luyện YOLOv8 từ Web. Đang thực thi...
[09:13:40] [INFO] Đã thay đổi Chế độ học tập sang: True
[09:13:42] [INFO] Đã thay đổi Chế độ học tập sang: False
[09:14:34] [SUCCESS] ==================================================================
[09:14:34] [SUCCESS] 🚀 WEB SERVER ĐANG CHẠY TẠI: http://localhost:5000
[09:14:34] [SUCCESS] ==================================================================
[09:14:34] [SUCCESS] Đã kết nối thiết bị: dd1d8712
[09:14:34] [WARNING] Thiếu ảnh mẫu: 'templates\nut_dong_quang_cao.png'. Bỏ qua.
[09:14:34] [WARNING] Thiếu ảnh mẫu: 'templates\nut_tiep_tuc.png'. Bỏ qua.
[09:14:34] [INFO] Đã load thành công 14 ảnh mẫu.
[09:14:42] [JOB] Vuốt tìm Job mới...
[09:14:48] [JOB] Nhận Job mới...
[09:14:50] [INFO] Đã load xong giao diện.
[09:14:51] [JOB] Nhận Job mới...
[09:14:54] [INFO] Đã load xong giao diện.
[09:14:54] [CAPTCHA] Phát hiện màn hình Captcha Xác minh nhanh!
[09:14:57] [CAPTCHA] YOLO không nhận diện được. Kích hoạt chế độ giải live trên Web...
[09:14:57] [CAPTCHA] 🧩 Vui lòng mở http://localhost:5000 để giải Captcha bằng tay...
[11:33:25] [SUCCESS] ==================================================================
[11:33:25] [SUCCESS] 🚀 WEB SERVER ĐANG CHẠY TẠI: http://localhost:5000
[11:33:25] [SUCCESS] ==================================================================
[11:33:25] [SUCCESS] Đã kết nối thiết bị: dd1d8712
[11:33:25] [WARNING] Thiếu ảnh mẫu: 'templates\nut_dong_quang_cao.png'. Bỏ qua.
[11:33:25] [WARNING] Thiếu ảnh mẫu: 'templates\nut_tiep_tuc.png'. Bỏ qua.
[11:33:25] [INFO] Đã load thành công 14 ảnh mẫu.
[11:33:28] [JOB] Vuốt tìm Job mới...
[11:33:32] [JOB] Nhận Job mới...
[11:33:40] [INFO] Đã load xong giao diện.
[11:33:40] [TIKTOK] Bấm nút mở app TikTok...
[11:33:56] [TIKTOK] 💖 Bấm Follow TikTok tại (164, 424)
[11:34:08] [JOB] Click Hoàn thành...
[11:34:14] [INFO] Bấm OK nhận kết quả Job...
[11:34:15] [SUCCESS] Đã hoàn thành thành công 1 job!
[11:34:22] [JOB] Vuốt tìm Job mới...
[11:34:27] [JOB] Nhận Job mới...
[11:34:30] [INFO] Đã load xong giao diện.
[11:34:31] [CAPTCHA] Phát hiện màn hình Captcha Xác minh nhanh!
[11:34:39] [CAPTCHA] YOLO không nhận diện được. Kích hoạt chế độ giải live trên Web...
[11:34:39] [CAPTCHA] 🧩 Vui lòng mở http://localhost:5000 để giải Captcha bằng tay...
[11:42:02] [SUCCESS] ==================================================================
[11:42:02] [SUCCESS] 🚀 WEB SERVER ĐANG CHẠY TẠI: http://localhost:5000
[11:42:02] [SUCCESS] ==================================================================
[11:42:02] [SUCCESS] Đã kết nối thiết bị: dd1d8712
[11:42:02] [WARNING] Thiếu ảnh mẫu: 'templates\nut_dong_quang_cao.png'. Bỏ qua.
[11:42:02] [WARNING] Thiếu ảnh mẫu: 'templates\nut_tiep_tuc.png'. Bỏ qua.
[11:42:02] [INFO] Đã load thành công 14 ảnh mẫu.
[11:42:04] [INFO] [STATE] Trạng thái hiện tại: STATE_CAPTCHA
[11:42:04] [JOB] Vuốt tìm Job mới...
[11:42:08] [JOB] Nhận Job mới...
[11:42:11] [INFO] Đã load xong giao diện.
[11:42:12] [CAPTCHA] Phát hiện màn hình Captcha Xác minh nhanh!
[11:42:12] [CAPTCHA] YOLO không nhận diện được. Kích hoạt chế độ giải live trên Web...
[11:42:12] [CAPTCHA] 🧩 Vui lòng mở http://localhost:5000 để giải Captcha bằng tay...
[11:45:14] [SUCCESS] ==================================================================
[11:45:14] [SUCCESS] 🚀 KHỞI ĐỘNG AUTO-CLICKER GOLIKE HOÀN TOÀN TỰ ĐỘNG (KHÔNG DÙNG AI)
[11:45:14] [SUCCESS] ==================================================================
[11:45:14] [SUCCESS] Đã kết nối thiết bị: dd1d8712
[11:45:14] [WARNING] Thiếu ảnh mẫu: 'templates\nut_dong_quang_cao.png'. Bỏ qua.
[11:45:14] [WARNING] Thiếu ảnh mẫu: 'templates\nut_tiep_tuc.png'. Bỏ qua.
[11:45:14] [INFO] Đã load thành công 14 ảnh mẫu.
[11:45:15] [INFO] Trạng thái hiện tại: STATE_CAPTCHA
[11:45:16] [JOB] Vuốt tìm Job mới...
[11:45:20] [JOB] Nhận Job mới...
[11:45:23] [INFO] Đã load xong giao diện.
[11:45:23] [CAPTCHA] Phát hiện màn hình Captcha Xác minh nhanh!
[11:45:23] [CAPTCHA] Đang quét tìm khối vuông và đích (Lần thử 1/3)...
[11:45:23] [CAPTCHA] Tìm thấy Khối vuông tại (477, 815) và Vòng tròn đích tại (531, 671).
[11:45:23] [CAPTCHA] Đang gửi chuỗi lệnh kéo thả touchscreen qua ADB...
[11:45:34] [WARNING] Captcha vẫn xuất hiện. Kéo thả thất bại.
[11:45:34] [CAPTCHA] Đang quét tìm khối vuông và đích (Lần thử 2/3)...
[11:45:34] [WARNING] Không quét đủ vật thể (Blue=None, Green=None).
[11:45:40] [CAPTCHA] Đang quét tìm khối vuông và đích (Lần thử 3/3)...
[11:45:40] [WARNING] Không quét đủ vật thể (Blue=None, Green=None).
[11:45:44] [ERROR] Không thể tự động giải Captcha sau 3 lần thử.
[11:45:46] [WARNING] Không thể chụp màn hình qua ADB quá 15s. Đang khởi động lại ADB daemon...
[11:45:46] [SUCCESS] Dừng bot.
[11:48:45] [SUCCESS] ==================================================================
[11:48:45] [SUCCESS] 🚀 KHỞI ĐỘNG AUTO-CLICKER GOLIKE HOÀN TOÀN TỰ ĐỘNG (KHÔNG DÙNG AI)
[11:48:45] [SUCCESS] ==================================================================
[11:48:47] [ERROR] Không tìm thấy thiết bị Android. Dừng bot.
[11:49:07] [SUCCESS] ==================================================================
[11:49:07] [SUCCESS] 🚀 KHỞI ĐỘNG AUTO-CLICKER GOLIKE HOÀN TOÀN TỰ ĐỘNG (KHÔNG DÙNG AI)
[11:49:07] [SUCCESS] ==================================================================
[11:49:07] [SUCCESS] Đã kết nối thiết bị: dd1d8712
[11:49:07] [WARNING] Thiếu ảnh mẫu: 'templates\nut_dong_quang_cao.png'. Bỏ qua.
[11:49:07] [WARNING] Thiếu ảnh mẫu: 'templates\nut_tiep_tuc.png'. Bỏ qua.
[11:49:07] [INFO] Đã load thành công 14 ảnh mẫu.
[11:49:08] [INFO] Trạng thái hiện tại: STATE_CAPTCHA
[11:49:09] [JOB] Vuốt tìm Job mới...
[11:49:14] [JOB] Vuốt tìm Job mới...
[11:49:18] [JOB] Nhận Job mới...
[11:49:22] [INFO] Đã load xong giao diện.
[11:49:23] [CAPTCHA] Phát hiện màn hình Captcha Xác minh nhanh!
[11:49:23] [CAPTCHA] Đang quét tìm khối vuông và đích (Lần thử 1/3)...
[11:49:23] [WARNING] Không quét đủ vật thể (Blue=None, Green=None).
[11:49:26] [CAPTCHA] Đang quét tìm khối vuông và đích (Lần thử 2/3)...
[11:49:26] [WARNING] Không quét đủ vật thể (Blue=None, Green=None).
[11:49:29] [CAPTCHA] Đang quét tìm khối vuông và đích (Lần thử 3/3)...
[11:49:29] [WARNING] Không quét đủ vật thể (Blue=None, Green=None).
[11:49:30] [SUCCESS] Dừng bot.
[12:07:01] [SUCCESS] ==================================================================
[12:07:01] [SUCCESS] 🚀 KHỞI ĐỘNG AUTO-CLICKER GOLIKE HOÀN TOÀN TỰ ĐỘNG (KHÔNG DÙNG AI)
[12:07:01] [SUCCESS] ==================================================================
[12:07:01] [SUCCESS] Đã kết nối thiết bị: dd1d8712
[12:07:01] [WARNING] Thiếu ảnh mẫu: 'templates\nut_dong_quang_cao.png'. Bỏ qua.
[12:07:01] [WARNING] Thiếu ảnh mẫu: 'templates\nut_tiep_tuc.png'. Bỏ qua.
[12:07:01] [INFO] Đã load thành công 14 ảnh mẫu.
[12:07:02] [INFO] Trạng thái hiện tại: STATE_CAPTCHA
[12:07:03] [JOB] Vuốt tìm Job mới...
[12:07:06] [JOB] Nhận Job mới...
[12:07:11] [INFO] Đã load xong giao diện.
[12:07:11] [JOB] Nhận Job mới...
[12:07:14] [INFO] Đã load xong giao diện.
[12:07:15] [TIKTOK] Bấm nút mở app TikTok...
[12:07:26] [WARNING] Không thấy nút Follow TikTok màu đỏ.
[12:07:30] [WARNING] Chưa thấy tương tác, thực hiện lại...
[12:07:30] [WARNING] Không thấy nút Follow TikTok màu đỏ.
[12:07:32] [WARNING] Chưa thấy tương tác, thực hiện lại...
[12:07:32] [WARNING] Không thấy nút Follow TikTok màu đỏ.
[12:07:32] [SUCCESS] Dừng bot.
[12:09:55] [SUCCESS] ==================================================================
[12:09:55] [SUCCESS] 🚀 KHỞI ĐỘNG AUTO-CLICKER GOLIKE HOÀN TOÀN TỰ ĐỘNG (KHÔNG DÙNG AI)
[12:09:55] [SUCCESS] ==================================================================
[12:09:55] [SUCCESS] Đã kết nối thiết bị: dd1d8712
[12:09:55] [WARNING] Thiếu ảnh mẫu: 'templates\nut_dong_quang_cao.png'. Bỏ qua.
[12:09:55] [WARNING] Thiếu ảnh mẫu: 'templates\nut_tiep_tuc.png'. Bỏ qua.
[12:09:55] [INFO] Đã load thành công 14 ảnh mẫu.
[12:09:57] [INFO] Trạng thái hiện tại: STATE_CAPTCHA
[12:09:57] [JOB] Vuốt tìm Job mới...
[12:10:01] [JOB] Nhận Job mới...
[12:10:04] [INFO] Đã load xong giao diện.
[12:10:04] [CAPTCHA] Phát hiện màn hình Captcha Xác minh nhanh!
[12:10:04] [CAPTCHA] Đang quét tìm khối vuông và đích (Lần thử 1/3)...
[12:10:04] [CAPTCHA] Tìm thấy Khối vuông tại (477, 815) và Vòng tròn đích tại (631, 769).
[12:10:04] [CAPTCHA] Đang gửi chuỗi lệnh kéo thả touchscreen qua ADB...
[12:10:15] [ERROR] Không thể tự động giải Captcha sau 3 lần thử.
[12:10:19] [WARNING] Không thể chụp màn hình qua ADB quá 15s. Đang khởi động lại ADB daemon...
[12:10:28] [INFO] Trạng thái hiện tại: STATE_TIKTOK
[12:10:30] [INFO] Trạng thái hiện tại: STATE_CAPTCHA
[12:10:31] [CAPTCHA] Phát hiện màn hình Captcha Xác minh nhanh!
[12:10:31] [CAPTCHA] Đang quét tìm khối vuông và đích (Lần thử 1/3)...
[12:10:31] [CAPTCHA] Tìm thấy Khối vuông tại (477, 815) và Vòng tròn đích tại (631, 769).
[12:10:31] [CAPTCHA] Đang gửi chuỗi lệnh kéo thả touchscreen qua ADB...
[12:10:37] [SUCCESS] Giải Captcha Xác minh nhanh thành công!
[12:10:38] [SUCCESS] Dừng bot.
[12:12:07] [SUCCESS] ==================================================================
[12:12:07] [SUCCESS] 🚀 KHỞI ĐỘNG AUTO-CLICKER GOLIKE HOÀN TOÀN TỰ ĐỘNG (KHÔNG DÙNG AI)
[12:12:07] [SUCCESS] ==================================================================
[12:12:07] [SUCCESS] Đã kết nối thiết bị: dd1d8712
[12:12:07] [WARNING] Thiếu ảnh mẫu: 'templates\nut_dong_quang_cao.png'. Bỏ qua.
[12:12:07] [WARNING] Thiếu ảnh mẫu: 'templates\nut_tiep_tuc.png'. Bỏ qua.
[12:12:07] [INFO] Đã load thành công 14 ảnh mẫu.
[12:12:09] [INFO] Trạng thái hiện tại: STATE_CAPTCHA
[12:12:09] [JOB] Vuốt tìm Job mới...
[12:12:13] [JOB] Nhận Job mới...
[12:12:16] [INFO] Đã load xong giao diện.
[12:12:16] [CAPTCHA] Phát hiện màn hình Captcha Xác minh nhanh!
[12:12:16] [CAPTCHA] Đang quét tìm khối vuông và đích (Lần thử 1/3)...
[12:12:16] [WARNING] Không quét đủ vật thể (Blue=(466, 798), Green=None).
[12:12:19] [CAPTCHA] Đang quét tìm khối vuông và đích (Lần thử 2/3)...
[12:12:19] [WARNING] Không quét đủ vật thể (Blue=(466, 798), Green=None).
[12:12:22] [ERROR] Không thể tự động giải Captcha sau 3 lần thử.
[12:12:23] [CAPTCHA] Phát hiện màn hình Captcha Xác minh nhanh!
[12:12:23] [CAPTCHA] Đang quét tìm khối vuông và đích (Lần thử 1/3)...
[12:12:23] [WARNING] Không quét đủ vật thể (Blue=(466, 798), Green=None).
[12:12:23] [SUCCESS] Dừng bot.
[12:14:40] [SUCCESS] ==================================================================
[12:14:40] [SUCCESS] 🚀 KHỞI ĐỘNG AUTO-CLICKER GOLIKE HOÀN TOÀN TỰ ĐỘNG (KHÔNG DÙNG AI)
[12:14:40] [SUCCESS] ==================================================================
[12:14:40] [SUCCESS] Đã kết nối thiết bị: dd1d8712
[12:14:40] [WARNING] Thiếu ảnh mẫu: 'templates\nut_dong_quang_cao.png'. Bỏ qua.
[12:14:40] [WARNING] Thiếu ảnh mẫu: 'templates\nut_tiep_tuc.png'. Bỏ qua.
[12:14:40] [INFO] Đã load thành công 14 ảnh mẫu.
[12:14:42] [INFO] Trạng thái hiện tại: STATE_GOLIKE_HOME
[12:14:42] [JOB] Vuốt tìm Job mới...
[12:14:46] [JOB] Nhận Job mới...
[12:14:49] [INFO] Trạng thái hiện tại: STATE_TIKTOK
[12:14:52] [WARNING] Quá thời gian tải job. Tiếp tục...
[12:15:22] [SUCCESS] Dừng bot.
[12:17:11] [WARNING] Thiếu ảnh mẫu: 'templates\nut_dong_quang_cao.png'. Bỏ qua.
[12:17:11] [WARNING] Thiếu ảnh mẫu: 'templates\nut_tiep_tuc.png'. Bỏ qua.
[12:17:11] [INFO] Đã load thành công 14 ảnh mẫu.
[12:17:33] [WARNING] Thiếu ảnh mẫu: 'templates\nut_dong_quang_cao.png'. Bỏ qua.
[12:17:33] [WARNING] Thiếu ảnh mẫu: 'templates\nut_tiep_tuc.png'. Bỏ qua.
[12:17:33] [INFO] Đã load thành công 14 ảnh mẫu.
[12:19:11] [WARNING] Thiếu ảnh mẫu: 'templates\nut_dong_quang_cao.png'. Bỏ qua.
[12:19:11] [WARNING] Thiếu ảnh mẫu: 'templates\nut_tiep_tuc.png'. Bỏ qua.
[12:19:11] [INFO] Đã load thành công 14 ảnh mẫu.
[12:21:49] [SUCCESS] ==================================================================
[12:21:49] [SUCCESS] 🚀 KHỞI ĐỘNG AUTO-CLICKER GOLIKE HOÀN TOÀN TỰ ĐỘNG (KHÔNG DÙNG AI)
[12:21:49] [SUCCESS] ==================================================================
[12:21:49] [SUCCESS] Đã kết nối thiết bị: dd1d8712
[12:21:49] [WARNING] Thiếu ảnh mẫu: 'templates\nut_dong_quang_cao.png'. Bỏ qua.
[12:21:49] [WARNING] Thiếu ảnh mẫu: 'templates\nut_tiep_tuc.png'. Bỏ qua.
[12:21:49] [INFO] Đã load thành công 14 ảnh mẫu.
[12:21:50] [INFO] Trạng thái hiện tại: STATE_CAPTCHA
[12:21:51] [JOB] Vuốt tìm Job mới...
[12:21:54] [JOB] Nhận Job mới...
[12:21:57] [INFO] Đã load xong giao diện.
[12:21:57] [CAPTCHA] Phát hiện màn hình Captcha Xác minh nhanh!
[12:21:57] [CAPTCHA] Đang quét tìm khối vuông và đích (Lần thử 1/3)...
[12:21:57] [WARNING] Không quét đủ vật thể (Blue=None, Green=None).
[12:22:00] [CAPTCHA] Đang quét tìm khối vuông và đích (Lần thử 2/3)...
[12:22:00] [WARNING] Không quét đủ vật thể (Blue=None, Green=None).
[12:22:03] [CAPTCHA] Đang quét tìm khối vuông và đích (Lần thử 3/3)...
[12:22:03] [WARNING] Không quét đủ vật thể (Blue=None, Green=None).
[12:22:05] [SUCCESS] Dừng bot.
[12:30:31] [SUCCESS] ==================================================================
[12:30:31] [SUCCESS] 🚀 KHỞI ĐỘNG AUTO-CLICKER GOLIKE HOÀN TOÀN TỰ ĐỘNG (KHÔNG DÙNG AI)
[12:30:31] [SUCCESS] ==================================================================
[12:30:31] [SUCCESS] Đã kết nối thiết bị: dd1d8712
[12:30:31] [WARNING] Thiếu ảnh mẫu: 'templates\nut_dong_quang_cao.png'. Bỏ qua.
[12:30:31] [WARNING] Thiếu ảnh mẫu: 'templates\nut_tiep_tuc.png'. Bỏ qua.
[12:30:31] [INFO] Đã load thành công 14 ảnh mẫu.
[12:30:32] [INFO] Trạng thái hiện tại: STATE_CAPTCHA
[12:30:33] [JOB] Vuốt tìm Job mới...
[12:30:37] [JOB] Nhận Job mới...
[12:30:39] [INFO] Đã load xong giao diện.
[12:30:40] [JOB] Nhận Job mới...
[12:30:42] [INFO] Đã load xong giao diện.
[12:30:42] [CAPTCHA] Phát hiện màn hình Captcha Xác minh nhanh!
[12:30:42] [CAPTCHA] Đang quét tìm khối vuông và đích (Lần thử 1/3)...
--- [CAPTCHA] Quét Blue (Lần thử 1/3): Found 3 contours ---
  Contour #0: Area=2281.5, BBox=[194,719,78,41], Aspect=1.90, Match=True
  Contour #1: Area=1770.0, BBox=[145,766,54,47], Aspect=1.15, Match=True
  Contour #2: Area=370.5, BBox=[200,791,22,22], Aspect=1.00, Match=True
--- [CAPTCHA] Quét Green (Lần thử 1/3): Found 3 contours ---
  Contour #0: Area=0.5, BBox=[596,789,3,3], Aspect=1.00, Match=False
  Contour #1: Area=1.5, BBox=[459,730,3,2], Aspect=1.50, Match=False
  Contour #2: Area=0.0, BBox=[451,730,1,1], Aspect=1.00, Match=False
--- [CAPTCHA] Quét Hough Circles (Lần thử 1/3): Found 4 circles ---
  Circle #0: Center=(465,796), Radius=21, GeomOK=True
  Circle #1: Center=(559,778), Radius=27, GeomOK=True
  Circle #2: Center=(537,756), Radius=20, GeomOK=True
  Circle #3: Center=(513,800), Radius=21, GeomOK=True
[12:30:43] [CAPTCHA] Tìm thấy Khối vuông tại (214, 739) và Vòng tròn đích tại (537, 756).
[12:30:43] [CAPTCHA] Đang gửi chuỗi lệnh kéo thả touchscreen qua ADB...
[12:30:48] [SUCCESS] Dừng bot.
[12:33:33] [SUCCESS] ==================================================================
[12:33:33] [SUCCESS] 🚀 KHỞI ĐỘNG AUTO-CLICKER GOLIKE HOÀN TOÀN TỰ ĐỘNG (KHÔNG DÙNG AI)
[12:33:33] [SUCCESS] ==================================================================
[12:33:33] [SUCCESS] Đã kết nối thiết bị: dd1d8712
[12:33:33] [WARNING] Thiếu ảnh mẫu: 'templates\nut_dong_quang_cao.png'. Bỏ qua.
[12:33:33] [WARNING] Thiếu ảnh mẫu: 'templates\nut_tiep_tuc.png'. Bỏ qua.
[12:33:33] [INFO] Đã load thành công 14 ảnh mẫu.
[12:33:36] [INFO] Trạng thái hiện tại: STATE_CAPTCHA
[12:33:37] [JOB] Vuốt tìm Job mới...
[12:33:40] [JOB] Nhận Job mới...
[12:33:43] [INFO] Đã load xong giao diện.
[12:33:44] [CAPTCHA] Phát hiện màn hình Captcha Xác minh nhanh!
[12:33:44] [CAPTCHA] Đang quét tìm khối vuông và đích (Lần thử 1/3)...
--- [CAPTCHA] Quét Blue (Lần thử 1/3): Found 0 contours ---
--- [CAPTCHA] Quét Green (Lần thử 1/3): Found 89 contours ---
  Contour #0: Area=513.5, BBox=[569,596,27,27], Aspect=1.00, Match=True
  Contour #1: Area=0.0, BBox=[468,596,1,3], Aspect=0.33, Match=False
  Contour #2: Area=0.0, BBox=[465,615,1,1], Aspect=1.00, Match=False
  Contour #3: Area=0.0, BBox=[462,594,2,1], Aspect=2.00, Match=False
  Contour #4: Area=0.0, BBox=[457,594,2,2], Aspect=1.00, Match=False
  Contour #5: Area=0.0, BBox=[448,583,1,3], Aspect=0.33, Match=False
  Contour #6: Area=0.0, BBox=[448,572,1,1], Aspect=1.00, Match=False
  Contour #7: Area=0.0, BBox=[448,566,1,1], Aspect=1.00, Match=False
  Contour #8: Area=0.0, BBox=[446,585,1,3], Aspect=0.33, Match=False
  Contour #9: Area=0.0, BBox=[443,608,4,2], Aspect=2.00, Match=False
  Contour #10: Area=0.0, BBox=[445,599,1,1], Aspect=1.00, Match=False
  Contour #11: Area=0.0, BBox=[445,577,1,1], Aspect=1.00, Match=False
  Contour #12: Area=4.5, BBox=[444,567,3,5], Aspect=0.60, Match=False
  Contour #13: Area=0.0, BBox=[444,602,1,1], Aspect=1.00, Match=False
  Contour #14: Area=0.5, BBox=[443,586,2,2], Aspect=1.00, Match=False
  Contour #15: Area=0.0, BBox=[440,604,2,1], Aspect=2.00, Match=False
  Contour #16: Area=4.5, BBox=[438,597,5,3], Aspect=1.67, Match=False
  Contour #17: Area=0.0, BBox=[438,645,2,1], Aspect=2.00, Match=False
  Contour #18: Area=0.5, BBox=[438,570,3,2], Aspect=1.50, Match=False
  Contour #19: Area=1.5, BBox=[436,582,5,4], Aspect=1.25, Match=False
  Contour #20: Area=5.5, BBox=[435,587,4,16], Aspect=0.25, Match=False
  Contour #21: Area=0.0, BBox=[435,575,2,2], Aspect=1.00, Match=False
  Contour #22: Area=0.0, BBox=[435,572,1,1], Aspect=1.00, Match=False
  Contour #23: Area=0.0, BBox=[433,566,2,1], Aspect=2.00, Match=False
  Contour #24: Area=0.0, BBox=[433,639,1,1], Aspect=1.00, Match=False
  Contour #25: Area=0.0, BBox=[433,583,1,1], Aspect=1.00, Match=False
  Contour #26: Area=5.0, BBox=[429,577,5,3], Aspect=1.67, Match=False
  Contour #27: Area=1.5, BBox=[429,566,3,2], Aspect=1.50, Match=False
  Contour #28: Area=0.0, BBox=[429,602,1,1], Aspect=1.00, Match=False
  Contour #29: Area=6.5, BBox=[427,581,5,6], Aspect=0.83, Match=False
  Contour #30: Area=0.0, BBox=[428,619,1,2], Aspect=0.50, Match=False
  Contour #31: Area=0.0, BBox=[425,595,1,1], Aspect=1.00, Match=False
  Contour #32: Area=0.5, BBox=[424,584,2,2], Aspect=1.00, Match=False
  Contour #33: Area=0.5, BBox=[424,573,2,3], Aspect=0.67, Match=False
  Contour #34: Area=0.0, BBox=[422,595,1,1], Aspect=1.00, Match=False
  Contour #35: Area=2.5, BBox=[419,592,6,3], Aspect=2.00, Match=False
  Contour #36: Area=1.0, BBox=[419,617,2,3], Aspect=0.67, Match=False
  Contour #37: Area=0.0, BBox=[419,586,2,1], Aspect=2.00, Match=False
  Contour #38: Area=0.0, BBox=[420,572,1,1], Aspect=1.00, Match=False
  Contour #39: Area=0.0, BBox=[419,575,1,2], Aspect=0.50, Match=False
  Contour #40: Area=2.0, BBox=[417,567,4,2], Aspect=2.00, Match=False
  Contour #41: Area=1.5, BBox=[416,572,2,3], Aspect=0.67, Match=False
  Contour #42: Area=0.5, BBox=[415,617,3,3], Aspect=1.00, Match=False
  Contour #43: Area=0.0, BBox=[415,603,2,2], Aspect=1.00, Match=False
  Contour #44: Area=0.0, BBox=[414,584,1,1], Aspect=1.00, Match=False
  Contour #45: Area=0.0, BBox=[414,573,1,1], Aspect=1.00, Match=False
  Contour #46: Area=1.5, BBox=[411,570,3,2], Aspect=1.50, Match=False
  Contour #47: Area=6.5, BBox=[408,619,6,5], Aspect=1.20, Match=False
  Contour #48: Area=58.0, BBox=[400,607,22,13], Aspect=1.69, Match=False
  Contour #49: Area=3.0, BBox=[409,601,5,4], Aspect=1.25, Match=False
  Contour #50: Area=0.0, BBox=[410,630,1,1], Aspect=1.00, Match=False
  Contour #51: Area=0.0, BBox=[410,590,1,1], Aspect=1.00, Match=False
  Contour #52: Area=0.0, BBox=[410,585,1,1], Aspect=1.00, Match=False
  Contour #53: Area=0.0, BBox=[410,566,1,1], Aspect=1.00, Match=False
  Contour #54: Area=0.0, BBox=[408,628,3,1], Aspect=3.00, Match=False
  Contour #55: Area=0.0, BBox=[406,586,2,1], Aspect=2.00, Match=False
  Contour #56: Area=14.5, BBox=[403,566,6,6], Aspect=1.00, Match=False
  Contour #57: Area=0.0, BBox=[402,573,1,1], Aspect=1.00, Match=False
  Contour #58: Area=0.0, BBox=[401,568,1,1], Aspect=1.00, Match=False
  Contour #59: Area=19.5, BBox=[397,586,6,14], Aspect=0.43, Match=False
  Contour #60: Area=0.0, BBox=[400,584,1,1], Aspect=1.00, Match=False
  Contour #61: Area=0.0, BBox=[400,580,1,1], Aspect=1.00, Match=False
  Contour #62: Area=0.0, BBox=[399,601,1,1], Aspect=1.00, Match=False
  Contour #63: Area=0.0, BBox=[399,577,1,1], Aspect=1.00, Match=False
  Contour #64: Area=0.0, BBox=[399,573,1,1], Aspect=1.00, Match=False
  Contour #65: Area=2.5, BBox=[397,611,2,4], Aspect=0.50, Match=False
  Contour #66: Area=0.0, BBox=[398,571,1,1], Aspect=1.00, Match=False
  Contour #67: Area=0.0, BBox=[396,589,1,1], Aspect=1.00, Match=False
  Contour #68: Area=0.0, BBox=[396,584,1,1], Aspect=1.00, Match=False
  Contour #69: Area=0.0, BBox=[395,586,1,1], Aspect=1.00, Match=False
  Contour #70: Area=6.5, BBox=[390,575,6,6], Aspect=1.00, Match=False
  Contour #71: Area=4.0, BBox=[390,566,4,3], Aspect=1.33, Match=False
  Contour #72: Area=0.0, BBox=[388,576,1,1], Aspect=1.00, Match=False
  Contour #73: Area=0.0, BBox=[387,622,1,1], Aspect=1.00, Match=False
  Contour #74: Area=0.0, BBox=[387,595,1,1], Aspect=1.00, Match=False
  Contour #75: Area=0.0, BBox=[387,572,1,2], Aspect=0.50, Match=False
  Contour #76: Area=1.0, BBox=[386,567,2,4], Aspect=0.50, Match=False
  Contour #77: Area=0.0, BBox=[384,596,1,1], Aspect=1.00, Match=False
  Contour #78: Area=0.0, BBox=[383,576,2,2], Aspect=1.00, Match=False
  Contour #79: Area=0.0, BBox=[383,568,2,2], Aspect=1.00, Match=False
  Contour #80: Area=0.0, BBox=[383,610,1,1], Aspect=1.00, Match=False
  Contour #81: Area=0.0, BBox=[382,570,1,1], Aspect=1.00, Match=False
  Contour #82: Area=0.0, BBox=[381,610,1,1], Aspect=1.00, Match=False
  Contour #83: Area=0.0, BBox=[379,611,1,1], Aspect=1.00, Match=False
  Contour #84: Area=0.0, BBox=[379,595,1,1], Aspect=1.00, Match=False
  Contour #85: Area=0.0, BBox=[378,582,1,1], Aspect=1.00, Match=False
  Contour #86: Area=21.5, BBox=[373,567,8,10], Aspect=0.80, Match=False
  Contour #87: Area=0.0, BBox=[376,576,1,1], Aspect=1.00, Match=False
  Contour #88: Area=0.0, BBox=[373,592,2,1], Aspect=2.00, Match=False
[12:33:44] [WARNING] Không quét đủ vật thể (Blue=None, Green=(582, 609)).
[12:33:47] [CAPTCHA] Đang quét tìm khối vuông và đích (Lần thử 2/3)...
--- [CAPTCHA] Quét Blue (Lần thử 2/3): Found 0 contours ---
--- [CAPTCHA] Quét Green (Lần thử 2/3): Found 89 contours ---
  Contour #0: Area=513.5, BBox=[569,596,27,27], Aspect=1.00, Match=True
  Contour #1: Area=0.0, BBox=[468,596,1,3], Aspect=0.33, Match=False
  Contour #2: Area=0.0, BBox=[465,615,1,1], Aspect=1.00, Match=False
  Contour #3: Area=0.0, BBox=[462,594,2,1], Aspect=2.00, Match=False
  Contour #4: Area=0.0, BBox=[457,594,2,2], Aspect=1.00, Match=False
  Contour #5: Area=0.0, BBox=[448,583,1,3], Aspect=0.33, Match=False
  Contour #6: Area=0.0, BBox=[448,572,1,1], Aspect=1.00, Match=False
  Contour #7: Area=0.0, BBox=[448,566,1,1], Aspect=1.00, Match=False
  Contour #8: Area=0.0, BBox=[446,585,1,3], Aspect=0.33, Match=False
  Contour #9: Area=0.0, BBox=[443,608,4,2], Aspect=2.00, Match=False
  Contour #10: Area=0.0, BBox=[445,599,1,1], Aspect=1.00, Match=False
  Contour #11: Area=0.0, BBox=[445,577,1,1], Aspect=1.00, Match=False
  Contour #12: Area=4.5, BBox=[444,567,3,5], Aspect=0.60, Match=False
  Contour #13: Area=0.0, BBox=[444,602,1,1], Aspect=1.00, Match=False
  Contour #14: Area=0.5, BBox=[443,586,2,2], Aspect=1.00, Match=False
  Contour #15: Area=0.0, BBox=[440,604,2,1], Aspect=2.00, Match=False
  Contour #16: Area=4.5, BBox=[438,597,5,3], Aspect=1.67, Match=False
  Contour #17: Area=0.0, BBox=[438,645,2,1], Aspect=2.00, Match=False
  Contour #18: Area=0.5, BBox=[438,570,3,2], Aspect=1.50, Match=False
  Contour #19: Area=1.5, BBox=[436,582,5,4], Aspect=1.25, Match=False
  Contour #20: Area=5.5, BBox=[435,587,4,16], Aspect=0.25, Match=False
  Contour #21: Area=0.0, BBox=[435,575,2,2], Aspect=1.00, Match=False
  Contour #22: Area=0.0, BBox=[435,572,1,1], Aspect=1.00, Match=False
  Contour #23: Area=0.0, BBox=[433,566,2,1], Aspect=2.00, Match=False
  Contour #24: Area=0.0, BBox=[433,639,1,1], Aspect=1.00, Match=False
  Contour #25: Area=0.0, BBox=[433,583,1,1], Aspect=1.00, Match=False
  Contour #26: Area=5.0, BBox=[429,577,5,3], Aspect=1.67, Match=False
  Contour #27: Area=1.5, BBox=[429,566,3,2], Aspect=1.50, Match=False
  Contour #28: Area=0.0, BBox=[429,602,1,1], Aspect=1.00, Match=False
  Contour #29: Area=6.5, BBox=[427,581,5,6], Aspect=0.83, Match=False
  Contour #30: Area=0.0, BBox=[428,619,1,2], Aspect=0.50, Match=False
  Contour #31: Area=0.0, BBox=[425,595,1,1], Aspect=1.00, Match=False
  Contour #32: Area=0.5, BBox=[424,584,2,2], Aspect=1.00, Match=False
  Contour #33: Area=0.5, BBox=[424,573,2,3], Aspect=0.67, Match=False
  Contour #34: Area=0.0, BBox=[422,595,1,1], Aspect=1.00, Match=False
  Contour #35: Area=2.5, BBox=[419,592,6,3], Aspect=2.00, Match=False
  Contour #36: Area=1.0, BBox=[419,617,2,3], Aspect=0.67, Match=False
  Contour #37: Area=0.0, BBox=[419,586,2,1], Aspect=2.00, Match=False
  Contour #38: Area=0.0, BBox=[420,572,1,1], Aspect=1.00, Match=False
  Contour #39: Area=0.0, BBox=[419,575,1,2], Aspect=0.50, Match=False
  Contour #40: Area=2.0, BBox=[417,567,4,2], Aspect=2.00, Match=False
  Contour #41: Area=1.5, BBox=[416,572,2,3], Aspect=0.67, Match=False
  Contour #42: Area=0.5, BBox=[415,617,3,3], Aspect=1.00, Match=False
  Contour #43: Area=0.0, BBox=[415,603,2,2], Aspect=1.00, Match=False
  Contour #44: Area=0.0, BBox=[414,584,1,1], Aspect=1.00, Match=False
  Contour #45: Area=0.0, BBox=[414,573,1,1], Aspect=1.00, Match=False
  Contour #46: Area=1.5, BBox=[411,570,3,2], Aspect=1.50, Match=False
  Contour #47: Area=6.5, BBox=[408,619,6,5], Aspect=1.20, Match=False
  Contour #48: Area=58.0, BBox=[400,607,22,13], Aspect=1.69, Match=False
  Contour #49: Area=3.0, BBox=[409,601,5,4], Aspect=1.25, Match=False
  Contour #50: Area=0.0, BBox=[410,630,1,1], Aspect=1.00, Match=False
  Contour #51: Area=0.0, BBox=[410,590,1,1], Aspect=1.00, Match=False
  Contour #52: Area=0.0, BBox=[410,585,1,1], Aspect=1.00, Match=False
  Contour #53: Area=0.0, BBox=[410,566,1,1], Aspect=1.00, Match=False
  Contour #54: Area=0.0, BBox=[408,628,3,1], Aspect=3.00, Match=False
  Contour #55: Area=0.0, BBox=[406,586,2,1], Aspect=2.00, Match=False
  Contour #56: Area=14.5, BBox=[403,566,6,6], Aspect=1.00, Match=False
  Contour #57: Area=0.0, BBox=[402,573,1,1], Aspect=1.00, Match=False
  Contour #58: Area=0.0, BBox=[401,568,1,1], Aspect=1.00, Match=False
  Contour #59: Area=19.5, BBox=[397,586,6,14], Aspect=0.43, Match=False
  Contour #60: Area=0.0, BBox=[400,584,1,1], Aspect=1.00, Match=False
  Contour #61: Area=0.0, BBox=[400,580,1,1], Aspect=1.00, Match=False
  Contour #62: Area=0.0, BBox=[399,601,1,1], Aspect=1.00, Match=False
  Contour #63: Area=0.0, BBox=[399,577,1,1], Aspect=1.00, Match=False
  Contour #64: Area=0.0, BBox=[399,573,1,1], Aspect=1.00, Match=False
  Contour #65: Area=2.5, BBox=[397,611,2,4], Aspect=0.50, Match=False
  Contour #66: Area=0.0, BBox=[398,571,1,1], Aspect=1.00, Match=False
  Contour #67: Area=0.0, BBox=[396,589,1,1], Aspect=1.00, Match=False
  Contour #68: Area=0.0, BBox=[396,584,1,1], Aspect=1.00, Match=False
  Contour #69: Area=0.0, BBox=[395,586,1,1], Aspect=1.00, Match=False
  Contour #70: Area=6.5, BBox=[390,575,6,6], Aspect=1.00, Match=False
  Contour #71: Area=4.0, BBox=[390,566,4,3], Aspect=1.33, Match=False
  Contour #72: Area=0.0, BBox=[388,576,1,1], Aspect=1.00, Match=False
  Contour #73: Area=0.0, BBox=[387,622,1,1], Aspect=1.00, Match=False
  Contour #74: Area=0.0, BBox=[387,595,1,1], Aspect=1.00, Match=False
  Contour #75: Area=0.0, BBox=[387,572,1,2], Aspect=0.50, Match=False
  Contour #76: Area=1.0, BBox=[386,567,2,4], Aspect=0.50, Match=False
  Contour #77: Area=0.0, BBox=[384,596,1,1], Aspect=1.00, Match=False
  Contour #78: Area=0.0, BBox=[383,576,2,2], Aspect=1.00, Match=False
  Contour #79: Area=0.0, BBox=[383,568,2,2], Aspect=1.00, Match=False
  Contour #80: Area=0.0, BBox=[383,610,1,1], Aspect=1.00, Match=False
  Contour #81: Area=0.0, BBox=[382,570,1,1], Aspect=1.00, Match=False
  Contour #82: Area=0.0, BBox=[381,610,1,1], Aspect=1.00, Match=False
  Contour #83: Area=0.0, BBox=[379,611,1,1], Aspect=1.00, Match=False
  Contour #84: Area=0.0, BBox=[379,595,1,1], Aspect=1.00, Match=False
  Contour #85: Area=0.0, BBox=[378,582,1,1], Aspect=1.00, Match=False
  Contour #86: Area=21.5, BBox=[373,567,8,10], Aspect=0.80, Match=False
  Contour #87: Area=0.0, BBox=[376,576,1,1], Aspect=1.00, Match=False
  Contour #88: Area=0.0, BBox=[373,592,2,1], Aspect=2.00, Match=False
[12:33:47] [WARNING] Không quét đủ vật thể (Blue=None, Green=(582, 609)).
[12:33:49] [ERROR] Không thể tự động giải Captcha sau 3 lần thử.
[12:33:51] [CAPTCHA] Phát hiện màn hình Captcha Xác minh nhanh!
[12:33:51] [CAPTCHA] Đang quét tìm khối vuông và đích (Lần thử 1/3)...
--- [CAPTCHA] Quét Blue (Lần thử 1/3): Found 0 contours ---
--- [CAPTCHA] Quét Green (Lần thử 1/3): Found 89 contours ---
  Contour #0: Area=513.5, BBox=[569,596,27,27], Aspect=1.00, Match=True
  Contour #1: Area=0.0, BBox=[468,596,1,3], Aspect=0.33, Match=False
  Contour #2: Area=0.0, BBox=[465,615,1,1], Aspect=1.00, Match=False
  Contour #3: Area=0.0, BBox=[462,594,2,1], Aspect=2.00, Match=False
  Contour #4: Area=0.0, BBox=[457,594,2,2], Aspect=1.00, Match=False
  Contour #5: Area=0.0, BBox=[448,583,1,3], Aspect=0.33, Match=False
  Contour #6: Area=0.0, BBox=[448,572,1,1], Aspect=1.00, Match=False
  Contour #7: Area=0.0, BBox=[448,566,1,1], Aspect=1.00, Match=False
  Contour #8: Area=0.0, BBox=[446,585,1,3], Aspect=0.33, Match=False
  Contour #9: Area=0.0, BBox=[443,608,4,2], Aspect=2.00, Match=False
  Contour #10: Area=0.0, BBox=[445,599,1,1], Aspect=1.00, Match=False
  Contour #11: Area=0.0, BBox=[445,577,1,1], Aspect=1.00, Match=False
  Contour #12: Area=4.5, BBox=[444,567,3,5], Aspect=0.60, Match=False
  Contour #13: Area=0.0, BBox=[444,602,1,1], Aspect=1.00, Match=False
  Contour #14: Area=0.5, BBox=[443,586,2,2], Aspect=1.00, Match=False
  Contour #15: Area=0.0, BBox=[440,604,2,1], Aspect=2.00, Match=False
  Contour #16: Area=4.5, BBox=[438,597,5,3], Aspect=1.67, Match=False
  Contour #17: Area=0.0, BBox=[438,645,2,1], Aspect=2.00, Match=False
  Contour #18: Area=0.5, BBox=[438,570,3,2], Aspect=1.50, Match=False
  Contour #19: Area=1.5, BBox=[436,582,5,4], Aspect=1.25, Match=False
  Contour #20: Area=5.5, BBox=[435,587,4,16], Aspect=0.25, Match=False
  Contour #21: Area=0.0, BBox=[435,575,2,2], Aspect=1.00, Match=False
  Contour #22: Area=0.0, BBox=[435,572,1,1], Aspect=1.00, Match=False
  Contour #23: Area=0.0, BBox=[433,566,2,1], Aspect=2.00, Match=False
  Contour #24: Area=0.0, BBox=[433,639,1,1], Aspect=1.00, Match=False
  Contour #25: Area=0.0, BBox=[433,583,1,1], Aspect=1.00, Match=False
  Contour #26: Area=5.0, BBox=[429,577,5,3], Aspect=1.67, Match=False
  Contour #27: Area=1.5, BBox=[429,566,3,2], Aspect=1.50, Match=False
  Contour #28: Area=0.0, BBox=[429,602,1,1], Aspect=1.00, Match=False
  Contour #29: Area=6.5, BBox=[427,581,5,6], Aspect=0.83, Match=False
  Contour #30: Area=0.0, BBox=[428,619,1,2], Aspect=0.50, Match=False
  Contour #31: Area=0.0, BBox=[425,595,1,1], Aspect=1.00, Match=False
  Contour #32: Area=0.5, BBox=[424,584,2,2], Aspect=1.00, Match=False
  Contour #33: Area=0.5, BBox=[424,573,2,3], Aspect=0.67, Match=False
  Contour #34: Area=0.0, BBox=[422,595,1,1], Aspect=1.00, Match=False
  Contour #35: Area=2.5, BBox=[419,592,6,3], Aspect=2.00, Match=False
  Contour #36: Area=1.0, BBox=[419,617,2,3], Aspect=0.67, Match=False
  Contour #37: Area=0.0, BBox=[419,586,2,1], Aspect=2.00, Match=False
  Contour #38: Area=0.0, BBox=[420,572,1,1], Aspect=1.00, Match=False
  Contour #39: Area=0.0, BBox=[419,575,1,2], Aspect=0.50, Match=False
  Contour #40: Area=2.0, BBox=[417,567,4,2], Aspect=2.00, Match=False
  Contour #41: Area=1.5, BBox=[416,572,2,3], Aspect=0.67, Match=False
  Contour #42: Area=0.5, BBox=[415,617,3,3], Aspect=1.00, Match=False
  Contour #43: Area=0.0, BBox=[415,603,2,2], Aspect=1.00, Match=False
  Contour #44: Area=0.0, BBox=[414,584,1,1], Aspect=1.00, Match=False
  Contour #45: Area=0.0, BBox=[414,573,1,1], Aspect=1.00, Match=False
  Contour #46: Area=1.5, BBox=[411,570,3,2], Aspect=1.50, Match=False
  Contour #47: Area=6.5, BBox=[408,619,6,5], Aspect=1.20, Match=False
  Contour #48: Area=58.0, BBox=[400,607,22,13], Aspect=1.69, Match=False
  Contour #49: Area=3.0, BBox=[409,601,5,4], Aspect=1.25, Match=False
  Contour #50: Area=0.0, BBox=[410,630,1,1], Aspect=1.00, Match=False
  Contour #51: Area=0.0, BBox=[410,590,1,1], Aspect=1.00, Match=False
  Contour #52: Area=0.0, BBox=[410,585,1,1], Aspect=1.00, Match=False
  Contour #53: Area=0.0, BBox=[410,566,1,1], Aspect=1.00, Match=False
  Contour #54: Area=0.0, BBox=[408,628,3,1], Aspect=3.00, Match=False
  Contour #55: Area=0.0, BBox=[406,586,2,1], Aspect=2.00, Match=False
  Contour #56: Area=14.5, BBox=[403,566,6,6], Aspect=1.00, Match=False
  Contour #57: Area=0.0, BBox=[402,573,1,1], Aspect=1.00, Match=False
  Contour #58: Area=0.0, BBox=[401,568,1,1], Aspect=1.00, Match=False
  Contour #59: Area=19.5, BBox=[397,586,6,14], Aspect=0.43, Match=False
  Contour #60: Area=0.0, BBox=[400,584,1,1], Aspect=1.00, Match=False
  Contour #61: Area=0.0, BBox=[400,580,1,1], Aspect=1.00, Match=False
  Contour #62: Area=0.0, BBox=[399,601,1,1], Aspect=1.00, Match=False
  Contour #63: Area=0.0, BBox=[399,577,1,1], Aspect=1.00, Match=False
  Contour #64: Area=0.0, BBox=[399,573,1,1], Aspect=1.00, Match=False
  Contour #65: Area=2.5, BBox=[397,611,2,4], Aspect=0.50, Match=False
  Contour #66: Area=0.0, BBox=[398,571,1,1], Aspect=1.00, Match=False
  Contour #67: Area=0.0, BBox=[396,589,1,1], Aspect=1.00, Match=False
  Contour #68: Area=0.0, BBox=[396,584,1,1], Aspect=1.00, Match=False
  Contour #69: Area=0.0, BBox=[395,586,1,1], Aspect=1.00, Match=False
  Contour #70: Area=6.5, BBox=[390,575,6,6], Aspect=1.00, Match=False
  Contour #71: Area=4.0, BBox=[390,566,4,3], Aspect=1.33, Match=False
  Contour #72: Area=0.0, BBox=[388,576,1,1], Aspect=1.00, Match=False
  Contour #73: Area=0.0, BBox=[387,622,1,1], Aspect=1.00, Match=False
  Contour #74: Area=0.0, BBox=[387,595,1,1], Aspect=1.00, Match=False
  Contour #75: Area=0.0, BBox=[387,572,1,2], Aspect=0.50, Match=False
  Contour #76: Area=1.0, BBox=[386,567,2,4], Aspect=0.50, Match=False
  Contour #77: Area=0.0, BBox=[384,596,1,1], Aspect=1.00, Match=False
  Contour #78: Area=0.0, BBox=[383,576,2,2], Aspect=1.00, Match=False
  Contour #79: Area=0.0, BBox=[383,568,2,2], Aspect=1.00, Match=False
  Contour #80: Area=0.0, BBox=[383,610,1,1], Aspect=1.00, Match=False
  Contour #81: Area=0.0, BBox=[382,570,1,1], Aspect=1.00, Match=False
  Contour #82: Area=0.0, BBox=[381,610,1,1], Aspect=1.00, Match=False
  Contour #83: Area=0.0, BBox=[379,611,1,1], Aspect=1.00, Match=False
  Contour #84: Area=0.0, BBox=[379,595,1,1], Aspect=1.00, Match=False
  Contour #85: Area=0.0, BBox=[378,582,1,1], Aspect=1.00, Match=False
  Contour #86: Area=21.5, BBox=[373,567,8,10], Aspect=0.80, Match=False
  Contour #87: Area=0.0, BBox=[376,576,1,1], Aspect=1.00, Match=False
  Contour #88: Area=0.0, BBox=[373,592,2,1], Aspect=2.00, Match=False
[12:33:51] [WARNING] Không quét đủ vật thể (Blue=None, Green=(582, 609)).
[12:33:51] [SUCCESS] Dừng bot.
[12:39:23] [SUCCESS] ==================================================================
[12:39:23] [SUCCESS] 🚀 KHỞI ĐỘNG AUTO-CLICKER GOLIKE HOÀN TOÀN TỰ ĐỘNG (KHÔNG DÙNG AI)
[12:39:23] [SUCCESS] ==================================================================
[12:39:23] [SUCCESS] Đã kết nối thiết bị: dd1d8712
[12:39:23] [WARNING] Thiếu ảnh mẫu: 'templates\nut_dong_quang_cao.png'. Bỏ qua.
[12:39:23] [WARNING] Thiếu ảnh mẫu: 'templates\nut_tiep_tuc.png'. Bỏ qua.
[12:39:23] [INFO] Đã load thành công 14 ảnh mẫu.
[12:39:25] [INFO] Trạng thái hiện tại: STATE_CAPTCHA
[12:39:25] [JOB] Vuốt tìm Job mới...
[12:39:29] [JOB] Nhận Job mới...
[12:39:31] [INFO] Đã load xong giao diện.
[12:39:32] [CAPTCHA] Phát hiện màn hình Captcha Xác minh nhanh!
[12:39:32] [CAPTCHA] Đang quét tìm khối vuông và đích (Lần thử 1/3)...
--- [CAPTCHA] Quét Blue (Lần thử 1/3): Found 1 contours ---
  Contour #0: Area=5062.5, BBox=[228,559,86,94], Aspect=0.91, Match=True
--- [CAPTCHA] Quét Green (Lần thử 1/3): Found 89 contours ---
  Contour #0: Area=513.5, BBox=[569,596,27,27], Aspect=1.00, Match=True
  Contour #1: Area=0.0, BBox=[468,596,1,3], Aspect=0.33, Match=False
  Contour #2: Area=0.0, BBox=[465,615,1,1], Aspect=1.00, Match=False
  Contour #3: Area=0.0, BBox=[462,594,2,1], Aspect=2.00, Match=False
  Contour #4: Area=0.0, BBox=[457,594,2,2], Aspect=1.00, Match=False
  Contour #5: Area=0.0, BBox=[448,583,1,3], Aspect=0.33, Match=False
  Contour #6: Area=0.0, BBox=[448,572,1,1], Aspect=1.00, Match=False
  Contour #7: Area=0.0, BBox=[448,566,1,1], Aspect=1.00, Match=False
  Contour #8: Area=0.0, BBox=[446,585,1,3], Aspect=0.33, Match=False
  Contour #9: Area=0.0, BBox=[443,608,4,2], Aspect=2.00, Match=False
  Contour #10: Area=0.0, BBox=[445,599,1,1], Aspect=1.00, Match=False
  Contour #11: Area=0.0, BBox=[445,577,1,1], Aspect=1.00, Match=False
  Contour #12: Area=4.5, BBox=[444,567,3,5], Aspect=0.60, Match=False
  Contour #13: Area=0.0, BBox=[444,602,1,1], Aspect=1.00, Match=False
  Contour #14: Area=0.5, BBox=[443,586,2,2], Aspect=1.00, Match=False
  Contour #15: Area=0.0, BBox=[440,604,2,1], Aspect=2.00, Match=False
  Contour #16: Area=4.5, BBox=[438,597,5,3], Aspect=1.67, Match=False
  Contour #17: Area=0.0, BBox=[438,645,2,1], Aspect=2.00, Match=False
  Contour #18: Area=0.5, BBox=[438,570,3,2], Aspect=1.50, Match=False
  Contour #19: Area=1.5, BBox=[436,582,5,4], Aspect=1.25, Match=False
  Contour #20: Area=5.5, BBox=[435,587,4,16], Aspect=0.25, Match=False
  Contour #21: Area=0.0, BBox=[435,575,2,2], Aspect=1.00, Match=False
  Contour #22: Area=0.0, BBox=[435,572,1,1], Aspect=1.00, Match=False
  Contour #23: Area=0.0, BBox=[433,566,2,1], Aspect=2.00, Match=False
  Contour #24: Area=0.0, BBox=[433,639,1,1], Aspect=1.00, Match=False
  Contour #25: Area=0.0, BBox=[433,583,1,1], Aspect=1.00, Match=False
  Contour #26: Area=5.0, BBox=[429,577,5,3], Aspect=1.67, Match=False
  Contour #27: Area=1.5, BBox=[429,566,3,2], Aspect=1.50, Match=False
  Contour #28: Area=0.0, BBox=[429,602,1,1], Aspect=1.00, Match=False
  Contour #29: Area=6.5, BBox=[427,581,5,6], Aspect=0.83, Match=False
  Contour #30: Area=0.0, BBox=[428,619,1,2], Aspect=0.50, Match=False
  Contour #31: Area=0.0, BBox=[425,595,1,1], Aspect=1.00, Match=False
  Contour #32: Area=0.5, BBox=[424,584,2,2], Aspect=1.00, Match=False
  Contour #33: Area=0.5, BBox=[424,573,2,3], Aspect=0.67, Match=False
  Contour #34: Area=0.0, BBox=[422,595,1,1], Aspect=1.00, Match=False
  Contour #35: Area=2.5, BBox=[419,592,6,3], Aspect=2.00, Match=False
  Contour #36: Area=1.0, BBox=[419,617,2,3], Aspect=0.67, Match=False
  Contour #37: Area=0.0, BBox=[419,586,2,1], Aspect=2.00, Match=False
  Contour #38: Area=0.0, BBox=[420,572,1,1], Aspect=1.00, Match=False
  Contour #39: Area=0.0, BBox=[419,575,1,2], Aspect=0.50, Match=False
  Contour #40: Area=2.0, BBox=[417,567,4,2], Aspect=2.00, Match=False
  Contour #41: Area=1.5, BBox=[416,572,2,3], Aspect=0.67, Match=False
  Contour #42: Area=0.5, BBox=[415,617,3,3], Aspect=1.00, Match=False
  Contour #43: Area=0.0, BBox=[415,603,2,2], Aspect=1.00, Match=False
  Contour #44: Area=0.0, BBox=[414,584,1,1], Aspect=1.00, Match=False
  Contour #45: Area=0.0, BBox=[414,573,1,1], Aspect=1.00, Match=False
  Contour #46: Area=1.5, BBox=[411,570,3,2], Aspect=1.50, Match=False
  Contour #47: Area=6.5, BBox=[408,619,6,5], Aspect=1.20, Match=False
  Contour #48: Area=58.0, BBox=[400,607,22,13], Aspect=1.69, Match=False
  Contour #49: Area=3.0, BBox=[409,601,5,4], Aspect=1.25, Match=False
  Contour #50: Area=0.0, BBox=[410,630,1,1], Aspect=1.00, Match=False
  Contour #51: Area=0.0, BBox=[410,590,1,1], Aspect=1.00, Match=False
  Contour #52: Area=0.0, BBox=[410,585,1,1], Aspect=1.00, Match=False
  Contour #53: Area=0.0, BBox=[410,566,1,1], Aspect=1.00, Match=False
  Contour #54: Area=0.0, BBox=[408,628,3,1], Aspect=3.00, Match=False
  Contour #55: Area=0.0, BBox=[406,586,2,1], Aspect=2.00, Match=False
  Contour #56: Area=14.5, BBox=[403,566,6,6], Aspect=1.00, Match=False
  Contour #57: Area=0.0, BBox=[402,573,1,1], Aspect=1.00, Match=False
  Contour #58: Area=0.0, BBox=[401,568,1,1], Aspect=1.00, Match=False
  Contour #59: Area=19.5, BBox=[397,586,6,14], Aspect=0.43, Match=False
  Contour #60: Area=0.0, BBox=[400,584,1,1], Aspect=1.00, Match=False
  Contour #61: Area=0.0, BBox=[400,580,1,1], Aspect=1.00, Match=False
  Contour #62: Area=0.0, BBox=[399,601,1,1], Aspect=1.00, Match=False
  Contour #63: Area=0.0, BBox=[399,577,1,1], Aspect=1.00, Match=False
  Contour #64: Area=0.0, BBox=[399,573,1,1], Aspect=1.00, Match=False
  Contour #65: Area=2.5, BBox=[397,611,2,4], Aspect=0.50, Match=False
  Contour #66: Area=0.0, BBox=[398,571,1,1], Aspect=1.00, Match=False
  Contour #67: Area=0.0, BBox=[396,589,1,1], Aspect=1.00, Match=False
  Contour #68: Area=0.0, BBox=[396,584,1,1], Aspect=1.00, Match=False
  Contour #69: Area=0.0, BBox=[395,586,1,1], Aspect=1.00, Match=False
  Contour #70: Area=6.5, BBox=[390,575,6,6], Aspect=1.00, Match=False
  Contour #71: Area=4.0, BBox=[390,566,4,3], Aspect=1.33, Match=False
  Contour #72: Area=0.0, BBox=[388,576,1,1], Aspect=1.00, Match=False
  Contour #73: Area=0.0, BBox=[387,622,1,1], Aspect=1.00, Match=False
  Contour #74: Area=0.0, BBox=[387,595,1,1], Aspect=1.00, Match=False
  Contour #75: Area=0.0, BBox=[387,572,1,2], Aspect=0.50, Match=False
  Contour #76: Area=1.0, BBox=[386,567,2,4], Aspect=0.50, Match=False
  Contour #77: Area=0.0, BBox=[384,596,1,1], Aspect=1.00, Match=False
  Contour #78: Area=0.0, BBox=[383,576,2,2], Aspect=1.00, Match=False
  Contour #79: Area=0.0, BBox=[383,568,2,2], Aspect=1.00, Match=False
  Contour #80: Area=0.0, BBox=[383,610,1,1], Aspect=1.00, Match=False
  Contour #81: Area=0.0, BBox=[382,570,1,1], Aspect=1.00, Match=False
  Contour #82: Area=0.0, BBox=[381,610,1,1], Aspect=1.00, Match=False
  Contour #83: Area=0.0, BBox=[379,611,1,1], Aspect=1.00, Match=False
  Contour #84: Area=0.0, BBox=[379,595,1,1], Aspect=1.00, Match=False
  Contour #85: Area=0.0, BBox=[378,582,1,1], Aspect=1.00, Match=False
  Contour #86: Area=21.5, BBox=[373,567,8,10], Aspect=0.80, Match=False
  Contour #87: Area=0.0, BBox=[376,576,1,1], Aspect=1.00, Match=False
  Contour #88: Area=0.0, BBox=[373,592,2,1], Aspect=2.00, Match=False
[12:39:32] [CAPTCHA] Tìm thấy Khối vuông tại (271, 606) và Vòng tròn đích tại (582, 609).
[12:39:32] [ERROR] Lỗi hệ thống: cannot access local variable 'x1' where it is not associated with a value
[12:41:41] [SUCCESS] ==================================================================
[12:41:41] [SUCCESS] 🚀 KHỞI ĐỘNG AUTO-CLICKER GOLIKE HOÀN TOÀN TỰ ĐỘNG (KHÔNG DÙNG AI)
[12:41:41] [SUCCESS] ==================================================================
[12:41:41] [SUCCESS] Đã kết nối thiết bị: dd1d8712
[12:41:41] [WARNING] Thiếu ảnh mẫu: 'templates\nut_dong_quang_cao.png'. Bỏ qua.
[12:41:41] [WARNING] Thiếu ảnh mẫu: 'templates\nut_tiep_tuc.png'. Bỏ qua.
[12:41:41] [INFO] Đã load thành công 14 ảnh mẫu.
[12:41:42] [INFO] Trạng thái hiện tại: STATE_CAPTCHA
[12:41:43] [CAPTCHA] Phát hiện màn hình Captcha Xác minh nhanh!
[12:41:43] [CAPTCHA] Đang quét tìm khối vuông và đích (Lần thử 1/3)...
--- [CAPTCHA] Quét Blue (Lần thử 1/3): Found 1 contours ---
  Contour #0: Area=5062.5, BBox=[228,559,86,94], Aspect=0.91, Match=True
--- [CAPTCHA] Quét Green (Lần thử 1/3): Found 89 contours ---
  Contour #0: Area=513.5, BBox=[569,596,27,27], Aspect=1.00, Match=True
  Contour #1: Area=0.0, BBox=[468,596,1,3], Aspect=0.33, Match=False
  Contour #2: Area=0.0, BBox=[465,615,1,1], Aspect=1.00, Match=False
  Contour #3: Area=0.0, BBox=[462,594,2,1], Aspect=2.00, Match=False
  Contour #4: Area=0.0, BBox=[457,594,2,2], Aspect=1.00, Match=False
  Contour #5: Area=0.0, BBox=[448,583,1,3], Aspect=0.33, Match=False
  Contour #6: Area=0.0, BBox=[448,572,1,1], Aspect=1.00, Match=False
  Contour #7: Area=0.0, BBox=[448,566,1,1], Aspect=1.00, Match=False
  Contour #8: Area=0.0, BBox=[446,585,1,3], Aspect=0.33, Match=False
  Contour #9: Area=0.0, BBox=[443,608,4,2], Aspect=2.00, Match=False
  Contour #10: Area=0.0, BBox=[445,599,1,1], Aspect=1.00, Match=False
  Contour #11: Area=0.0, BBox=[445,577,1,1], Aspect=1.00, Match=False
  Contour #12: Area=4.5, BBox=[444,567,3,5], Aspect=0.60, Match=False
  Contour #13: Area=0.0, BBox=[444,602,1,1], Aspect=1.00, Match=False
  Contour #14: Area=0.5, BBox=[443,586,2,2], Aspect=1.00, Match=False
  Contour #15: Area=0.0, BBox=[440,604,2,1], Aspect=2.00, Match=False
  Contour #16: Area=4.5, BBox=[438,597,5,3], Aspect=1.67, Match=False
  Contour #17: Area=0.0, BBox=[438,645,2,1], Aspect=2.00, Match=False
  Contour #18: Area=0.5, BBox=[438,570,3,2], Aspect=1.50, Match=False
  Contour #19: Area=1.5, BBox=[436,582,5,4], Aspect=1.25, Match=False
  Contour #20: Area=5.5, BBox=[435,587,4,16], Aspect=0.25, Match=False
  Contour #21: Area=0.0, BBox=[435,575,2,2], Aspect=1.00, Match=False
  Contour #22: Area=0.0, BBox=[435,572,1,1], Aspect=1.00, Match=False
  Contour #23: Area=0.0, BBox=[433,566,2,1], Aspect=2.00, Match=False
  Contour #24: Area=0.0, BBox=[433,639,1,1], Aspect=1.00, Match=False
  Contour #25: Area=0.0, BBox=[433,583,1,1], Aspect=1.00, Match=False
  Contour #26: Area=5.0, BBox=[429,577,5,3], Aspect=1.67, Match=False
  Contour #27: Area=1.5, BBox=[429,566,3,2], Aspect=1.50, Match=False
  Contour #28: Area=0.0, BBox=[429,602,1,1], Aspect=1.00, Match=False
  Contour #29: Area=6.5, BBox=[427,581,5,6], Aspect=0.83, Match=False
  Contour #30: Area=0.0, BBox=[428,619,1,2], Aspect=0.50, Match=False
  Contour #31: Area=0.0, BBox=[425,595,1,1], Aspect=1.00, Match=False
  Contour #32: Area=0.5, BBox=[424,584,2,2], Aspect=1.00, Match=False
  Contour #33: Area=0.5, BBox=[424,573,2,3], Aspect=0.67, Match=False
  Contour #34: Area=0.0, BBox=[422,595,1,1], Aspect=1.00, Match=False
  Contour #35: Area=2.5, BBox=[419,592,6,3], Aspect=2.00, Match=False
  Contour #36: Area=1.0, BBox=[419,617,2,3], Aspect=0.67, Match=False
  Contour #37: Area=0.0, BBox=[419,586,2,1], Aspect=2.00, Match=False
  Contour #38: Area=0.0, BBox=[420,572,1,1], Aspect=1.00, Match=False
  Contour #39: Area=0.0, BBox=[419,575,1,2], Aspect=0.50, Match=False
  Contour #40: Area=2.0, BBox=[417,567,4,2], Aspect=2.00, Match=False
  Contour #41: Area=1.5, BBox=[416,572,2,3], Aspect=0.67, Match=False
  Contour #42: Area=0.5, BBox=[415,617,3,3], Aspect=1.00, Match=False
  Contour #43: Area=0.0, BBox=[415,603,2,2], Aspect=1.00, Match=False
  Contour #44: Area=0.0, BBox=[414,584,1,1], Aspect=1.00, Match=False
  Contour #45: Area=0.0, BBox=[414,573,1,1], Aspect=1.00, Match=False
  Contour #46: Area=1.5, BBox=[411,570,3,2], Aspect=1.50, Match=False
  Contour #47: Area=6.5, BBox=[408,619,6,5], Aspect=1.20, Match=False
  Contour #48: Area=58.0, BBox=[400,607,22,13], Aspect=1.69, Match=False
  Contour #49: Area=3.0, BBox=[409,601,5,4], Aspect=1.25, Match=False
  Contour #50: Area=0.0, BBox=[410,630,1,1], Aspect=1.00, Match=False
  Contour #51: Area=0.0, BBox=[410,590,1,1], Aspect=1.00, Match=False
  Contour #52: Area=0.0, BBox=[410,585,1,1], Aspect=1.00, Match=False
  Contour #53: Area=0.0, BBox=[410,566,1,1], Aspect=1.00, Match=False
  Contour #54: Area=0.0, BBox=[408,628,3,1], Aspect=3.00, Match=False
  Contour #55: Area=0.0, BBox=[406,586,2,1], Aspect=2.00, Match=False
  Contour #56: Area=14.5, BBox=[403,566,6,6], Aspect=1.00, Match=False
  Contour #57: Area=0.0, BBox=[402,573,1,1], Aspect=1.00, Match=False
  Contour #58: Area=0.0, BBox=[401,568,1,1], Aspect=1.00, Match=False
  Contour #59: Area=19.5, BBox=[397,586,6,14], Aspect=0.43, Match=False
  Contour #60: Area=0.0, BBox=[400,584,1,1], Aspect=1.00, Match=False
  Contour #61: Area=0.0, BBox=[400,580,1,1], Aspect=1.00, Match=False
  Contour #62: Area=0.0, BBox=[399,601,1,1], Aspect=1.00, Match=False
  Contour #63: Area=0.0, BBox=[399,577,1,1], Aspect=1.00, Match=False
  Contour #64: Area=0.0, BBox=[399,573,1,1], Aspect=1.00, Match=False
  Contour #65: Area=2.5, BBox=[397,611,2,4], Aspect=0.50, Match=False
  Contour #66: Area=0.0, BBox=[398,571,1,1], Aspect=1.00, Match=False
  Contour #67: Area=0.0, BBox=[396,589,1,1], Aspect=1.00, Match=False
  Contour #68: Area=0.0, BBox=[396,584,1,1], Aspect=1.00, Match=False
  Contour #69: Area=0.0, BBox=[395,586,1,1], Aspect=1.00, Match=False
  Contour #70: Area=6.5, BBox=[390,575,6,6], Aspect=1.00, Match=False
  Contour #71: Area=4.0, BBox=[390,566,4,3], Aspect=1.33, Match=False
  Contour #72: Area=0.0, BBox=[388,576,1,1], Aspect=1.00, Match=False
  Contour #73: Area=0.0, BBox=[387,622,1,1], Aspect=1.00, Match=False
  Contour #74: Area=0.0, BBox=[387,595,1,1], Aspect=1.00, Match=False
  Contour #75: Area=0.0, BBox=[387,572,1,2], Aspect=0.50, Match=False
  Contour #76: Area=1.0, BBox=[386,567,2,4], Aspect=0.50, Match=False
  Contour #77: Area=0.0, BBox=[384,596,1,1], Aspect=1.00, Match=False
  Contour #78: Area=0.0, BBox=[383,576,2,2], Aspect=1.00, Match=False
  Contour #79: Area=0.0, BBox=[383,568,2,2], Aspect=1.00, Match=False
  Contour #80: Area=0.0, BBox=[383,610,1,1], Aspect=1.00, Match=False
  Contour #81: Area=0.0, BBox=[382,570,1,1], Aspect=1.00, Match=False
  Contour #82: Area=0.0, BBox=[381,610,1,1], Aspect=1.00, Match=False
  Contour #83: Area=0.0, BBox=[379,611,1,1], Aspect=1.00, Match=False
  Contour #84: Area=0.0, BBox=[379,595,1,1], Aspect=1.00, Match=False
  Contour #85: Area=0.0, BBox=[378,582,1,1], Aspect=1.00, Match=False
  Contour #86: Area=21.5, BBox=[373,567,8,10], Aspect=0.80, Match=False
  Contour #87: Area=0.0, BBox=[376,576,1,1], Aspect=1.00, Match=False
  Contour #88: Area=0.0, BBox=[373,592,2,1], Aspect=2.00, Match=False
[12:41:43] [CAPTCHA] Tìm thấy Khối vuông tại (271, 606) và Vòng tròn đích tại (582, 609).
[12:41:43] [CAPTCHA] Đang gửi chuỗi lệnh kéo thả touchscreen qua ADB...
[12:41:48] [WARNING] Captcha vẫn xuất hiện. Kéo thả thất bại.
[12:41:48] [CAPTCHA] Đang quét tìm khối vuông và đích (Lần thử 2/3)...
--- [CAPTCHA] Quét Blue (Lần thử 2/3): Found 1 contours ---
  Contour #0: Area=5062.5, BBox=[228,559,86,94], Aspect=0.91, Match=True
--- [CAPTCHA] Quét Green (Lần thử 2/3): Found 89 contours ---
  Contour #0: Area=513.5, BBox=[569,596,27,27], Aspect=1.00, Match=True
  Contour #1: Area=0.0, BBox=[468,596,1,3], Aspect=0.33, Match=False
  Contour #2: Area=0.0, BBox=[465,615,1,1], Aspect=1.00, Match=False
  Contour #3: Area=0.0, BBox=[462,594,2,1], Aspect=2.00, Match=False
  Contour #4: Area=0.0, BBox=[457,594,2,2], Aspect=1.00, Match=False
  Contour #5: Area=0.0, BBox=[448,583,1,3], Aspect=0.33, Match=False
  Contour #6: Area=0.0, BBox=[448,572,1,1], Aspect=1.00, Match=False
  Contour #7: Area=0.0, BBox=[448,566,1,1], Aspect=1.00, Match=False
  Contour #8: Area=0.0, BBox=[446,585,1,3], Aspect=0.33, Match=False
  Contour #9: Area=0.0, BBox=[443,608,4,2], Aspect=2.00, Match=False
  Contour #10: Area=0.0, BBox=[445,599,1,1], Aspect=1.00, Match=False
  Contour #11: Area=0.0, BBox=[445,577,1,1], Aspect=1.00, Match=False
  Contour #12: Area=4.5, BBox=[444,567,3,5], Aspect=0.60, Match=False
  Contour #13: Area=0.0, BBox=[444,602,1,1], Aspect=1.00, Match=False
  Contour #14: Area=0.5, BBox=[443,586,2,2], Aspect=1.00, Match=False
  Contour #15: Area=0.0, BBox=[440,604,2,1], Aspect=2.00, Match=False
  Contour #16: Area=4.5, BBox=[438,597,5,3], Aspect=1.67, Match=False
  Contour #17: Area=0.0, BBox=[438,645,2,1], Aspect=2.00, Match=False
  Contour #18: Area=0.5, BBox=[438,570,3,2], Aspect=1.50, Match=False
  Contour #19: Area=1.5, BBox=[436,582,5,4], Aspect=1.25, Match=False
  Contour #20: Area=5.5, BBox=[435,587,4,16], Aspect=0.25, Match=False
  Contour #21: Area=0.0, BBox=[435,575,2,2], Aspect=1.00, Match=False
  Contour #22: Area=0.0, BBox=[435,572,1,1], Aspect=1.00, Match=False
  Contour #23: Area=0.0, BBox=[433,566,2,1], Aspect=2.00, Match=False
  Contour #24: Area=0.0, BBox=[433,639,1,1], Aspect=1.00, Match=False
  Contour #25: Area=0.0, BBox=[433,583,1,1], Aspect=1.00, Match=False
  Contour #26: Area=5.0, BBox=[429,577,5,3], Aspect=1.67, Match=False
  Contour #27: Area=1.5, BBox=[429,566,3,2], Aspect=1.50, Match=False
  Contour #28: Area=0.0, BBox=[429,602,1,1], Aspect=1.00, Match=False
  Contour #29: Area=6.5, BBox=[427,581,5,6], Aspect=0.83, Match=False
  Contour #30: Area=0.0, BBox=[428,619,1,2], Aspect=0.50, Match=False
  Contour #31: Area=0.0, BBox=[425,595,1,1], Aspect=1.00, Match=False
  Contour #32: Area=0.5, BBox=[424,584,2,2], Aspect=1.00, Match=False
  Contour #33: Area=0.5, BBox=[424,573,2,3], Aspect=0.67, Match=False
  Contour #34: Area=0.0, BBox=[422,595,1,1], Aspect=1.00, Match=False
  Contour #35: Area=2.5, BBox=[419,592,6,3], Aspect=2.00, Match=False
  Contour #36: Area=1.0, BBox=[419,617,2,3], Aspect=0.67, Match=False
  Contour #37: Area=0.0, BBox=[419,586,2,1], Aspect=2.00, Match=False
  Contour #38: Area=0.0, BBox=[420,572,1,1], Aspect=1.00, Match=False
  Contour #39: Area=0.0, BBox=[419,575,1,2], Aspect=0.50, Match=False
  Contour #40: Area=2.0, BBox=[417,567,4,2], Aspect=2.00, Match=False
  Contour #41: Area=1.5, BBox=[416,572,2,3], Aspect=0.67, Match=False
  Contour #42: Area=0.5, BBox=[415,617,3,3], Aspect=1.00, Match=False
  Contour #43: Area=0.0, BBox=[415,603,2,2], Aspect=1.00, Match=False
  Contour #44: Area=0.0, BBox=[414,584,1,1], Aspect=1.00, Match=False
  Contour #45: Area=0.0, BBox=[414,573,1,1], Aspect=1.00, Match=False
  Contour #46: Area=1.5, BBox=[411,570,3,2], Aspect=1.50, Match=False
  Contour #47: Area=6.5, BBox=[408,619,6,5], Aspect=1.20, Match=False
  Contour #48: Area=58.0, BBox=[400,607,22,13], Aspect=1.69, Match=False
  Contour #49: Area=3.0, BBox=[409,601,5,4], Aspect=1.25, Match=False
  Contour #50: Area=0.0, BBox=[410,630,1,1], Aspect=1.00, Match=False
  Contour #51: Area=0.0, BBox=[410,590,1,1], Aspect=1.00, Match=False
  Contour #52: Area=0.0, BBox=[410,585,1,1], Aspect=1.00, Match=False
  Contour #53: Area=0.0, BBox=[410,566,1,1], Aspect=1.00, Match=False
  Contour #54: Area=0.0, BBox=[408,628,3,1], Aspect=3.00, Match=False
  Contour #55: Area=0.0, BBox=[406,586,2,1], Aspect=2.00, Match=False
  Contour #56: Area=14.5, BBox=[403,566,6,6], Aspect=1.00, Match=False
  Contour #57: Area=0.0, BBox=[402,573,1,1], Aspect=1.00, Match=False
  Contour #58: Area=0.0, BBox=[401,568,1,1], Aspect=1.00, Match=False
  Contour #59: Area=19.5, BBox=[397,586,6,14], Aspect=0.43, Match=False
  Contour #60: Area=0.0, BBox=[400,584,1,1], Aspect=1.00, Match=False
  Contour #61: Area=0.0, BBox=[400,580,1,1], Aspect=1.00, Match=False
  Contour #62: Area=0.0, BBox=[399,601,1,1], Aspect=1.00, Match=False
  Contour #63: Area=0.0, BBox=[399,577,1,1], Aspect=1.00, Match=False
  Contour #64: Area=0.0, BBox=[399,573,1,1], Aspect=1.00, Match=False
  Contour #65: Area=2.5, BBox=[397,611,2,4], Aspect=0.50, Match=False
  Contour #66: Area=0.0, BBox=[398,571,1,1], Aspect=1.00, Match=False
  Contour #67: Area=0.0, BBox=[396,589,1,1], Aspect=1.00, Match=False
  Contour #68: Area=0.0, BBox=[396,584,1,1], Aspect=1.00, Match=False
  Contour #69: Area=0.0, BBox=[395,586,1,1], Aspect=1.00, Match=False
  Contour #70: Area=6.5, BBox=[390,575,6,6], Aspect=1.00, Match=False
  Contour #71: Area=4.0, BBox=[390,566,4,3], Aspect=1.33, Match=False
  Contour #72: Area=0.0, BBox=[388,576,1,1], Aspect=1.00, Match=False
  Contour #73: Area=0.0, BBox=[387,622,1,1], Aspect=1.00, Match=False
  Contour #74: Area=0.0, BBox=[387,595,1,1], Aspect=1.00, Match=False
  Contour #75: Area=0.0, BBox=[387,572,1,2], Aspect=0.50, Match=False
  Contour #76: Area=1.0, BBox=[386,567,2,4], Aspect=0.50, Match=False
  Contour #77: Area=0.0, BBox=[384,596,1,1], Aspect=1.00, Match=False
  Contour #78: Area=0.0, BBox=[383,576,2,2], Aspect=1.00, Match=False
  Contour #79: Area=0.0, BBox=[383,568,2,2], Aspect=1.00, Match=False
  Contour #80: Area=0.0, BBox=[383,610,1,1], Aspect=1.00, Match=False
  Contour #81: Area=0.0, BBox=[382,570,1,1], Aspect=1.00, Match=False
  Contour #82: Area=0.0, BBox=[381,610,1,1], Aspect=1.00, Match=False
  Contour #83: Area=0.0, BBox=[379,611,1,1], Aspect=1.00, Match=False
  Contour #84: Area=0.0, BBox=[379,595,1,1], Aspect=1.00, Match=False
  Contour #85: Area=0.0, BBox=[378,582,1,1], Aspect=1.00, Match=False
  Contour #86: Area=21.5, BBox=[373,567,8,10], Aspect=0.80, Match=False
  Contour #87: Area=0.0, BBox=[376,576,1,1], Aspect=1.00, Match=False
  Contour #88: Area=0.0, BBox=[373,592,2,1], Aspect=2.00, Match=False
[12:41:48] [CAPTCHA] Tìm thấy Khối vuông tại (271, 606) và Vòng tròn đích tại (582, 609).
[12:41:48] [CAPTCHA] Đang gửi chuỗi lệnh kéo thả touchscreen qua ADB...
[12:41:54] [WARNING] Captcha vẫn xuất hiện. Kéo thả thất bại.
[12:41:54] [CAPTCHA] Đang quét tìm khối vuông và đích (Lần thử 3/3)...
--- [CAPTCHA] Quét Blue (Lần thử 3/3): Found 1 contours ---
  Contour #0: Area=5062.5, BBox=[228,559,86,94], Aspect=0.91, Match=True
--- [CAPTCHA] Quét Green (Lần thử 3/3): Found 89 contours ---
  Contour #0: Area=513.5, BBox=[569,596,27,27], Aspect=1.00, Match=True
  Contour #1: Area=0.0, BBox=[468,596,1,3], Aspect=0.33, Match=False
  Contour #2: Area=0.0, BBox=[465,615,1,1], Aspect=1.00, Match=False
  Contour #3: Area=0.0, BBox=[462,594,2,1], Aspect=2.00, Match=False
  Contour #4: Area=0.0, BBox=[457,594,2,2], Aspect=1.00, Match=False
  Contour #5: Area=0.0, BBox=[448,583,1,3], Aspect=0.33, Match=False
  Contour #6: Area=0.0, BBox=[448,572,1,1], Aspect=1.00, Match=False
  Contour #7: Area=0.0, BBox=[448,566,1,1], Aspect=1.00, Match=False
  Contour #8: Area=0.0, BBox=[446,585,1,3], Aspect=0.33, Match=False
  Contour #9: Area=0.0, BBox=[443,608,4,2], Aspect=2.00, Match=False
  Contour #10: Area=0.0, BBox=[445,599,1,1], Aspect=1.00, Match=False
  Contour #11: Area=0.0, BBox=[445,577,1,1], Aspect=1.00, Match=False
  Contour #12: Area=4.5, BBox=[444,567,3,5], Aspect=0.60, Match=False
  Contour #13: Area=0.0, BBox=[444,602,1,1], Aspect=1.00, Match=False
  Contour #14: Area=0.5, BBox=[443,586,2,2], Aspect=1.00, Match=False
  Contour #15: Area=0.0, BBox=[440,604,2,1], Aspect=2.00, Match=False
  Contour #16: Area=4.5, BBox=[438,597,5,3], Aspect=1.67, Match=False
  Contour #17: Area=0.0, BBox=[438,645,2,1], Aspect=2.00, Match=False
  Contour #18: Area=0.5, BBox=[438,570,3,2], Aspect=1.50, Match=False
  Contour #19: Area=1.5, BBox=[436,582,5,4], Aspect=1.25, Match=False
  Contour #20: Area=5.5, BBox=[435,587,4,16], Aspect=0.25, Match=False
  Contour #21: Area=0.0, BBox=[435,575,2,2], Aspect=1.00, Match=False
  Contour #22: Area=0.0, BBox=[435,572,1,1], Aspect=1.00, Match=False
  Contour #23: Area=0.0, BBox=[433,566,2,1], Aspect=2.00, Match=False
  Contour #24: Area=0.0, BBox=[433,639,1,1], Aspect=1.00, Match=False
  Contour #25: Area=0.0, BBox=[433,583,1,1], Aspect=1.00, Match=False
  Contour #26: Area=5.0, BBox=[429,577,5,3], Aspect=1.67, Match=False
  Contour #27: Area=1.5, BBox=[429,566,3,2], Aspect=1.50, Match=False
  Contour #28: Area=0.0, BBox=[429,602,1,1], Aspect=1.00, Match=False
  Contour #29: Area=6.5, BBox=[427,581,5,6], Aspect=0.83, Match=False
  Contour #30: Area=0.0, BBox=[428,619,1,2], Aspect=0.50, Match=False
  Contour #31: Area=0.0, BBox=[425,595,1,1], Aspect=1.00, Match=False
  Contour #32: Area=0.5, BBox=[424,584,2,2], Aspect=1.00, Match=False
  Contour #33: Area=0.5, BBox=[424,573,2,3], Aspect=0.67, Match=False
  Contour #34: Area=0.0, BBox=[422,595,1,1], Aspect=1.00, Match=False
  Contour #35: Area=2.5, BBox=[419,592,6,3], Aspect=2.00, Match=False
  Contour #36: Area=1.0, BBox=[419,617,2,3], Aspect=0.67, Match=False
  Contour #37: Area=0.0, BBox=[419,586,2,1], Aspect=2.00, Match=False
  Contour #38: Area=0.0, BBox=[420,572,1,1], Aspect=1.00, Match=False
  Contour #39: Area=0.0, BBox=[419,575,1,2], Aspect=0.50, Match=False
  Contour #40: Area=2.0, BBox=[417,567,4,2], Aspect=2.00, Match=False
  Contour #41: Area=1.5, BBox=[416,572,2,3], Aspect=0.67, Match=False
  Contour #42: Area=0.5, BBox=[415,617,3,3], Aspect=1.00, Match=False
  Contour #43: Area=0.0, BBox=[415,603,2,2], Aspect=1.00, Match=False
  Contour #44: Area=0.0, BBox=[414,584,1,1], Aspect=1.00, Match=False
  Contour #45: Area=0.0, BBox=[414,573,1,1], Aspect=1.00, Match=False
  Contour #46: Area=1.5, BBox=[411,570,3,2], Aspect=1.50, Match=False
  Contour #47: Area=6.5, BBox=[408,619,6,5], Aspect=1.20, Match=False
  Contour #48: Area=58.0, BBox=[400,607,22,13], Aspect=1.69, Match=False
  Contour #49: Area=3.0, BBox=[409,601,5,4], Aspect=1.25, Match=False
  Contour #50: Area=0.0, BBox=[410,630,1,1], Aspect=1.00, Match=False
  Contour #51: Area=0.0, BBox=[410,590,1,1], Aspect=1.00, Match=False
  Contour #52: Area=0.0, BBox=[410,585,1,1], Aspect=1.00, Match=False
  Contour #53: Area=0.0, BBox=[410,566,1,1], Aspect=1.00, Match=False
  Contour #54: Area=0.0, BBox=[408,628,3,1], Aspect=3.00, Match=False
  Contour #55: Area=0.0, BBox=[406,586,2,1], Aspect=2.00, Match=False
  Contour #56: Area=14.5, BBox=[403,566,6,6], Aspect=1.00, Match=False
  Contour #57: Area=0.0, BBox=[402,573,1,1], Aspect=1.00, Match=False
  Contour #58: Area=0.0, BBox=[401,568,1,1], Aspect=1.00, Match=False
  Contour #59: Area=19.5, BBox=[397,586,6,14], Aspect=0.43, Match=False
  Contour #60: Area=0.0, BBox=[400,584,1,1], Aspect=1.00, Match=False
  Contour #61: Area=0.0, BBox=[400,580,1,1], Aspect=1.00, Match=False
  Contour #62: Area=0.0, BBox=[399,601,1,1], Aspect=1.00, Match=False
  Contour #63: Area=0.0, BBox=[399,577,1,1], Aspect=1.00, Match=False
  Contour #64: Area=0.0, BBox=[399,573,1,1], Aspect=1.00, Match=False
  Contour #65: Area=2.5, BBox=[397,611,2,4], Aspect=0.50, Match=False
  Contour #66: Area=0.0, BBox=[398,571,1,1], Aspect=1.00, Match=False
  Contour #67: Area=0.0, BBox=[396,589,1,1], Aspect=1.00, Match=False
  Contour #68: Area=0.0, BBox=[396,584,1,1], Aspect=1.00, Match=False
  Contour #69: Area=0.0, BBox=[395,586,1,1], Aspect=1.00, Match=False
  Contour #70: Area=6.5, BBox=[390,575,6,6], Aspect=1.00, Match=False
  Contour #71: Area=4.0, BBox=[390,566,4,3], Aspect=1.33, Match=False
  Contour #72: Area=0.0, BBox=[388,576,1,1], Aspect=1.00, Match=False
  Contour #73: Area=0.0, BBox=[387,622,1,1], Aspect=1.00, Match=False
  Contour #74: Area=0.0, BBox=[387,595,1,1], Aspect=1.00, Match=False
  Contour #75: Area=0.0, BBox=[387,572,1,2], Aspect=0.50, Match=False
  Contour #76: Area=1.0, BBox=[386,567,2,4], Aspect=0.50, Match=False
  Contour #77: Area=0.0, BBox=[384,596,1,1], Aspect=1.00, Match=False
  Contour #78: Area=0.0, BBox=[383,576,2,2], Aspect=1.00, Match=False
  Contour #79: Area=0.0, BBox=[383,568,2,2], Aspect=1.00, Match=False
  Contour #80: Area=0.0, BBox=[383,610,1,1], Aspect=1.00, Match=False
  Contour #81: Area=0.0, BBox=[382,570,1,1], Aspect=1.00, Match=False
  Contour #82: Area=0.0, BBox=[381,610,1,1], Aspect=1.00, Match=False
  Contour #83: Area=0.0, BBox=[379,611,1,1], Aspect=1.00, Match=False
  Contour #84: Area=0.0, BBox=[379,595,1,1], Aspect=1.00, Match=False
  Contour #85: Area=0.0, BBox=[378,582,1,1], Aspect=1.00, Match=False
  Contour #86: Area=21.5, BBox=[373,567,8,10], Aspect=0.80, Match=False
  Contour #87: Area=0.0, BBox=[376,576,1,1], Aspect=1.00, Match=False
  Contour #88: Area=0.0, BBox=[373,592,2,1], Aspect=2.00, Match=False
[12:41:54] [CAPTCHA] Tìm thấy Khối vuông tại (271, 606) và Vòng tròn đích tại (582, 609).
[12:41:54] [CAPTCHA] Đang gửi chuỗi lệnh kéo thả touchscreen qua ADB...
[12:41:56] [SUCCESS] Dừng bot.
[12:46:07] [SUCCESS] ==================================================================
[12:46:07] [SUCCESS] 🚀 KHỞI ĐỘNG AUTO-CLICKER GOLIKE HOÀN TOÀN TỰ ĐỘNG (KHÔNG DÙNG AI)
[12:46:07] [SUCCESS] ==================================================================
[12:46:07] [SUCCESS] Đã kết nối thiết bị: dd1d8712
[12:46:07] [WARNING] Thiếu ảnh mẫu: 'templates\nut_dong_quang_cao.png'. Bỏ qua.
[12:46:07] [WARNING] Thiếu ảnh mẫu: 'templates\nut_tiep_tuc.png'. Bỏ qua.
[12:46:07] [INFO] Đã load thành công 14 ảnh mẫu.
[12:46:08] [INFO] Trạng thái hiện tại: STATE_CAPTCHA
[12:46:09] [JOB] Vuốt tìm Job mới...
[12:46:12] [JOB] Nhận Job mới...
[12:46:16] [INFO] Đã load xong giao diện.
[12:46:16] [JOB] Nhận Job mới...
[12:46:19] [INFO] Đã load xong giao diện.
[12:46:20] [TIKTOK] Bấm nút mở app TikTok...
[12:46:30] [TIKTOK] Bấm Follow TikTok tại (164, 475)
[12:46:38] [INFO] Trạng thái hiện tại: STATE_JOB_DETAIL
[12:46:38] [JOB] Click Hoàn thành...
[12:46:43] [INFO] Trạng thái hiện tại: STATE_ERROR_POPUP
[12:46:43] [INFO] Bấm OK nhận kết quả Job...
[12:46:44] [SUCCESS] Đã hoàn thành thành công 1 job!
[12:46:49] [INFO] Trạng thái hiện tại: STATE_GOLIKE_HOME
[12:46:50] [JOB] Vuốt tìm Job mới...
[12:46:54] [JOB] Nhận Job mới...
[12:46:57] [INFO] Trạng thái hiện tại: STATE_JOB_DETAIL
[12:46:57] [INFO] Đã load xong giao diện.
[12:46:58] [TIKTOK] Bấm nút mở app TikTok...
[12:47:08] [TIKTOK] Bấm Follow TikTok tại (164, 439)
[12:47:15] [JOB] Click Hoàn thành...
[12:47:20] [INFO] Trạng thái hiện tại: STATE_ERROR_POPUP
[12:47:20] [INFO] Bấm OK nhận kết quả Job...
[12:47:21] [SUCCESS] Đã hoàn thành thành công 2 job!
[12:47:27] [INFO] Trạng thái hiện tại: STATE_GOLIKE_HOME
[12:47:27] [JOB] Vuốt tìm Job mới...
[12:47:31] [JOB] Nhận Job mới...
[12:47:35] [INFO] Trạng thái hiện tại: STATE_JOB_DETAIL
[12:47:35] [INFO] Đã load xong giao diện.
[12:47:36] [TIKTOK] Bấm nút mở app TikTok...
[12:47:47] [TIKTOK] Bấm Follow TikTok tại (164, 439)
[12:47:53] [WARNING] Phát hiện kẹt ở trạng thái 'STATE_JOB_DETAIL' quá lâu. Tiến hành tự phục hồi...
[12:47:53] [INFO] -> Gửi phím BACK
[12:47:55] [INFO] -> Buộc dừng và khởi động lại ứng dụng Golike...
[12:48:04] [INFO] Trạng thái hiện tại: STATE_UNKNOWN
[12:48:06] [INFO] Trạng thái hiện tại: STATE_ERROR_POPUP
[12:48:06] [INFO] Bấm OK nhận kết quả Job...
[12:48:06] [WARNING] Hệ thống báo lỗi. Bật cờ báo lỗi...
[12:48:10] [SUCCESS] Dừng bot.
[12:50:52] [SUCCESS] ==================================================================
[12:50:52] [SUCCESS] 🚀 KHỞI ĐỘNG AUTO-CLICKER GOLIKE HOÀN TOÀN TỰ ĐỘNG (KHÔNG DÙNG AI)
[12:50:52] [SUCCESS] ==================================================================
[12:50:52] [SUCCESS] Đã kết nối thiết bị: dd1d8712
[12:50:52] [WARNING] Thiếu ảnh mẫu: 'templates\nut_dong_quang_cao.png'. Bỏ qua.
[12:50:52] [WARNING] Thiếu ảnh mẫu: 'templates\nut_tiep_tuc.png'. Bỏ qua.
[12:50:52] [INFO] Đã load thành công 14 ảnh mẫu.
[12:50:54] [INFO] Trạng thái hiện tại: STATE_GOLIKE_HOME
[12:50:55] [JOB] Vuốt tìm Job mới...
[12:50:59] [JOB] Nhận Job mới...
[12:51:04] [WARNING] Quá thời gian tải job. Tiếp tục...
[12:51:04] [JOB] Nhận Job mới...
[12:51:07] [INFO] Trạng thái hiện tại: STATE_JOB_DETAIL
[12:51:08] [INFO] Đã load xong giao diện.
[12:51:08] [TIKTOK] Bấm nút mở app TikTok...
[12:51:21] [TIKTOK] Bấm Follow TikTok tại (164, 439)
[12:51:28] [JOB] Click Hoàn thành...
[12:51:34] [INFO] Trạng thái hiện tại: STATE_ERROR_POPUP
[12:51:34] [INFO] Bấm OK nhận kết quả Job...
[12:51:34] [WARNING] Hệ thống báo lỗi. Bật cờ báo lỗi...
[12:51:42] [INFO] Trạng thái hiện tại: STATE_GOLIKE_HOME
[12:51:42] [JOB] Gửi báo cáo...
[12:51:47] [JOB] Vuốt tìm Job mới...
[12:51:50] [JOB] Nhận Job mới...
[12:51:54] [INFO] Trạng thái hiện tại: STATE_JOB_DETAIL
[12:51:54] [INFO] Đã load xong giao diện.
[12:51:55] [TIKTOK] Bấm nút mở app TikTok...
[12:52:05] [TIKTOK] Bấm Follow TikTok tại (164, 439)
[12:52:14] [JOB] Click Hoàn thành...
[12:52:19] [INFO] Trạng thái hiện tại: STATE_ERROR_POPUP
[12:52:19] [INFO] Bấm OK nhận kết quả Job...
[12:52:20] [SUCCESS] Đã hoàn thành thành công 1 job!
[12:52:29] [INFO] Trạng thái hiện tại: STATE_GOLIKE_HOME
[12:52:29] [JOB] Vuốt tìm Job mới...
[12:52:33] [JOB] Nhận Job mới...
[12:52:35] [INFO] Trạng thái hiện tại: STATE_TIKTOK
[12:52:38] [WARNING] Quá thời gian tải job. Tiếp tục...
[12:54:10] [INFO] Trạng thái hiện tại: STATE_GOLIKE_HOME
[12:54:12] [JOB] Vuốt tìm Job mới...
[12:54:16] [JOB] Nhận Job mới...
[12:54:19] [INFO] Trạng thái hiện tại: STATE_TIKTOK
[12:54:23] [WARNING] Quá thời gian tải job. Tiếp tục...
[13:01:02] [WARNING] Không thể chụp màn hình qua ADB quá 15s. Đang khởi động lại ADB daemon...
[13:01:05] [SUCCESS] Dừng bot.
[13:01:10] [SUCCESS] ==================================================================
[13:01:10] [SUCCESS] 🚀 KHỞI ĐỘNG AUTO-CLICKER GOLIKE HOÀN TOÀN TỰ ĐỘNG (KHÔNG DÙNG AI)
[13:01:10] [SUCCESS] ==================================================================
[13:01:13] [ERROR] Không tìm thấy thiết bị Android. Dừng bot.
[13:01:31] [SUCCESS] ==================================================================
[13:01:31] [SUCCESS] 🚀 KHỞI ĐỘNG AUTO-CLICKER GOLIKE HOÀN TOÀN TỰ ĐỘNG (KHÔNG DÙNG AI)
[13:01:31] [SUCCESS] ==================================================================
[13:01:31] [SUCCESS] Đã kết nối thiết bị: dd1d8712
[13:01:31] [WARNING] Thiếu ảnh mẫu: 'templates\nut_dong_quang_cao.png'. Bỏ qua.
[13:01:31] [WARNING] Thiếu ảnh mẫu: 'templates\nut_tiep_tuc.png'. Bỏ qua.
[13:01:31] [INFO] Đã load thành công 14 ảnh mẫu.
[13:01:32] [INFO] Trạng thái hiện tại: STATE_CAPTCHA
[13:01:32] [JOB] Vuốt tìm Job mới...
[13:01:36] [JOB] Vuốt tìm Job mới...
[13:01:40] [JOB] Nhận Job mới...
[13:01:44] [INFO] Đã load xong giao diện.
[13:01:44] [CAPTCHA] Phát hiện màn hình Captcha Xác minh nhanh!
[13:01:44] [CAPTCHA] Đang quét tìm khối vuông và đích (Lần thử 1/3)...
--- [CAPTCHA] Quét Blue (Lần thử 1/3): Found 0 contours ---
--- [CAPTCHA] Quét Green (Lần thử 1/3): Found 59 contours ---
  Contour #0: Area=0.0, BBox=[567,658,1,1], Aspect=1.00, Match=False
  Contour #1: Area=2.0, BBox=[563,654,5,4], Aspect=1.25, Match=False
  Contour #2: Area=0.0, BBox=[558,707,1,1], Aspect=1.00, Match=False
  Contour #3: Area=0.0, BBox=[556,707,1,1], Aspect=1.00, Match=False
  Contour #4: Area=0.0, BBox=[554,663,1,1], Aspect=1.00, Match=False
  Contour #5: Area=0.5, BBox=[542,645,2,2], Aspect=1.00, Match=False
  Contour #6: Area=0.5, BBox=[534,667,4,4], Aspect=1.00, Match=False
  Contour #7: Area=0.0, BBox=[532,669,1,1], Aspect=1.00, Match=False
  Contour #8: Area=0.0, BBox=[532,662,1,1], Aspect=1.00, Match=False
  Contour #9: Area=0.5, BBox=[528,719,2,2], Aspect=1.00, Match=False
  Contour #10: Area=0.0, BBox=[527,678,1,2], Aspect=0.50, Match=False
  Contour #11: Area=0.0, BBox=[527,675,1,1], Aspect=1.00, Match=False
  Contour #12: Area=0.0, BBox=[523,665,1,2], Aspect=0.50, Match=False
  Contour #13: Area=0.0, BBox=[522,674,1,1], Aspect=1.00, Match=False
  Contour #14: Area=0.0, BBox=[508,664,1,1], Aspect=1.00, Match=False
  Contour #15: Area=0.0, BBox=[499,673,5,1], Aspect=5.00, Match=False
  Contour #16: Area=154.0, BBox=[484,642,26,22], Aspect=1.18, Match=True
  Contour #17: Area=0.0, BBox=[489,663,1,1], Aspect=1.00, Match=False
  Contour #18: Area=0.0, BBox=[485,664,1,1], Aspect=1.00, Match=False
  Contour #19: Area=0.0, BBox=[484,650,1,1], Aspect=1.00, Match=False
  Contour #20: Area=2.0, BBox=[452,651,3,5], Aspect=0.60, Match=False
  Contour #21: Area=0.0, BBox=[450,661,1,3], Aspect=0.33, Match=False
  Contour #22: Area=0.0, BBox=[449,716,1,6], Aspect=0.17, Match=False
  Contour #23: Area=1.0, BBox=[448,692,2,7], Aspect=0.29, Match=False
  Contour #24: Area=0.0, BBox=[448,702,1,2], Aspect=0.50, Match=False
  Contour #25: Area=6.0, BBox=[443,648,9,2], Aspect=4.50, Match=False
  Contour #26: Area=0.0, BBox=[442,660,1,1], Aspect=1.00, Match=False
  Contour #27: Area=0.0, BBox=[440,643,3,2], Aspect=1.50, Match=False
  Contour #28: Area=0.0, BBox=[438,642,1,1], Aspect=1.00, Match=False
  Contour #29: Area=0.0, BBox=[431,714,1,1], Aspect=1.00, Match=False
  Contour #30: Area=0.0, BBox=[430,706,2,4], Aspect=0.50, Match=False
  Contour #31: Area=0.0, BBox=[424,713,1,1], Aspect=1.00, Match=False
  Contour #32: Area=1.5, BBox=[420,714,3,4], Aspect=0.75, Match=False
  Contour #33: Area=0.0, BBox=[421,711,1,1], Aspect=1.00, Match=False
  Contour #34: Area=0.0, BBox=[421,693,1,1], Aspect=1.00, Match=False
  Contour #35: Area=2.5, BBox=[420,686,2,6], Aspect=0.33, Match=False
  Contour #36: Area=0.0, BBox=[419,704,1,1], Aspect=1.00, Match=False
  Contour #37: Area=0.0, BBox=[419,699,1,1], Aspect=1.00, Match=False
  Contour #38: Area=0.0, BBox=[419,694,1,1], Aspect=1.00, Match=False
  Contour #39: Area=0.0, BBox=[418,701,1,1], Aspect=1.00, Match=False
  Contour #40: Area=0.0, BBox=[417,697,1,2], Aspect=0.50, Match=False
  Contour #41: Area=0.0, BBox=[416,700,1,1], Aspect=1.00, Match=False
  Contour #42: Area=0.0, BBox=[415,695,3,1], Aspect=3.00, Match=False
  Contour #43: Area=0.0, BBox=[416,670,1,1], Aspect=1.00, Match=False
  Contour #44: Area=1.0, BBox=[415,652,2,3], Aspect=0.67, Match=False
  Contour #45: Area=0.0, BBox=[414,692,1,1], Aspect=1.00, Match=False
  Contour #46: Area=0.0, BBox=[414,674,1,1], Aspect=1.00, Match=False
  Contour #47: Area=0.0, BBox=[414,648,1,1], Aspect=1.00, Match=False
  Contour #48: Area=0.0, BBox=[412,696,2,2], Aspect=1.00, Match=False
  Contour #49: Area=3.0, BBox=[410,682,4,6], Aspect=0.67, Match=False
  Contour #50: Area=0.0, BBox=[412,648,1,1], Aspect=1.00, Match=False
  Contour #51: Area=5.0, BBox=[406,714,8,7], Aspect=1.14, Match=False
  Contour #52: Area=0.0, BBox=[410,649,1,1], Aspect=1.00, Match=False
  Contour #53: Area=0.0, BBox=[407,693,2,1], Aspect=2.00, Match=False
  Contour #54: Area=0.0, BBox=[408,690,1,1], Aspect=1.00, Match=False
  Contour #55: Area=1.5, BBox=[404,663,3,7], Aspect=0.43, Match=False
  Contour #56: Area=1.5, BBox=[402,704,4,4], Aspect=1.00, Match=False
  Contour #57: Area=4.0, BBox=[397,656,3,11], Aspect=0.27, Match=False
  Contour #58: Area=0.0, BBox=[396,664,1,3], Aspect=0.33, Match=False
[13:01:44] [WARNING] Không quét đủ vật thể (Blue=None, Green=(497, 653)).
[13:01:47] [CAPTCHA] Đang quét tìm khối vuông và đích (Lần thử 2/3)...
--- [CAPTCHA] Quét Blue (Lần thử 2/3): Found 0 contours ---
--- [CAPTCHA] Quét Green (Lần thử 2/3): Found 59 contours ---
  Contour #0: Area=0.0, BBox=[567,658,1,1], Aspect=1.00, Match=False
  Contour #1: Area=2.0, BBox=[563,654,5,4], Aspect=1.25, Match=False
  Contour #2: Area=0.0, BBox=[558,707,1,1], Aspect=1.00, Match=False
  Contour #3: Area=0.0, BBox=[556,707,1,1], Aspect=1.00, Match=False
  Contour #4: Area=0.0, BBox=[554,663,1,1], Aspect=1.00, Match=False
  Contour #5: Area=0.5, BBox=[542,645,2,2], Aspect=1.00, Match=False
  Contour #6: Area=0.5, BBox=[534,667,4,4], Aspect=1.00, Match=False
  Contour #7: Area=0.0, BBox=[532,669,1,1], Aspect=1.00, Match=False
  Contour #8: Area=0.0, BBox=[532,662,1,1], Aspect=1.00, Match=False
  Contour #9: Area=0.5, BBox=[528,719,2,2], Aspect=1.00, Match=False
  Contour #10: Area=0.0, BBox=[527,678,1,2], Aspect=0.50, Match=False
  Contour #11: Area=0.0, BBox=[527,675,1,1], Aspect=1.00, Match=False
  Contour #12: Area=0.0, BBox=[523,665,1,2], Aspect=0.50, Match=False
  Contour #13: Area=0.0, BBox=[522,674,1,1], Aspect=1.00, Match=False
  Contour #14: Area=0.0, BBox=[508,664,1,1], Aspect=1.00, Match=False
  Contour #15: Area=0.0, BBox=[499,673,5,1], Aspect=5.00, Match=False
  Contour #16: Area=154.0, BBox=[484,642,26,22], Aspect=1.18, Match=True
  Contour #17: Area=0.0, BBox=[489,663,1,1], Aspect=1.00, Match=False
  Contour #18: Area=0.0, BBox=[485,664,1,1], Aspect=1.00, Match=False
  Contour #19: Area=0.0, BBox=[484,650,1,1], Aspect=1.00, Match=False
  Contour #20: Area=2.0, BBox=[452,651,3,5], Aspect=0.60, Match=False
  Contour #21: Area=0.0, BBox=[450,661,1,3], Aspect=0.33, Match=False
  Contour #22: Area=0.0, BBox=[449,716,1,6], Aspect=0.17, Match=False
  Contour #23: Area=1.0, BBox=[448,692,2,7], Aspect=0.29, Match=False
  Contour #24: Area=0.0, BBox=[448,702,1,2], Aspect=0.50, Match=False
  Contour #25: Area=6.0, BBox=[443,648,9,2], Aspect=4.50, Match=False
  Contour #26: Area=0.0, BBox=[442,660,1,1], Aspect=1.00, Match=False
  Contour #27: Area=0.0, BBox=[440,643,3,2], Aspect=1.50, Match=False
  Contour #28: Area=0.0, BBox=[438,642,1,1], Aspect=1.00, Match=False
  Contour #29: Area=0.0, BBox=[431,714,1,1], Aspect=1.00, Match=False
  Contour #30: Area=0.0, BBox=[430,706,2,4], Aspect=0.50, Match=False
  Contour #31: Area=0.0, BBox=[424,713,1,1], Aspect=1.00, Match=False
  Contour #32: Area=1.5, BBox=[420,714,3,4], Aspect=0.75, Match=False
  Contour #33: Area=0.0, BBox=[421,711,1,1], Aspect=1.00, Match=False
  Contour #34: Area=0.0, BBox=[421,693,1,1], Aspect=1.00, Match=False
  Contour #35: Area=2.5, BBox=[420,686,2,6], Aspect=0.33, Match=False
  Contour #36: Area=0.0, BBox=[419,704,1,1], Aspect=1.00, Match=False
  Contour #37: Area=0.0, BBox=[419,699,1,1], Aspect=1.00, Match=False
  Contour #38: Area=0.0, BBox=[419,694,1,1], Aspect=1.00, Match=False
  Contour #39: Area=0.0, BBox=[418,701,1,1], Aspect=1.00, Match=False
  Contour #40: Area=0.0, BBox=[417,697,1,2], Aspect=0.50, Match=False
  Contour #41: Area=0.0, BBox=[416,700,1,1], Aspect=1.00, Match=False
  Contour #42: Area=0.0, BBox=[415,695,3,1], Aspect=3.00, Match=False
  Contour #43: Area=0.0, BBox=[416,670,1,1], Aspect=1.00, Match=False
  Contour #44: Area=1.0, BBox=[415,652,2,3], Aspect=0.67, Match=False
  Contour #45: Area=0.0, BBox=[414,692,1,1], Aspect=1.00, Match=False
  Contour #46: Area=0.0, BBox=[414,674,1,1], Aspect=1.00, Match=False
  Contour #47: Area=0.0, BBox=[414,648,1,1], Aspect=1.00, Match=False
  Contour #48: Area=0.0, BBox=[412,696,2,2], Aspect=1.00, Match=False
  Contour #49: Area=3.0, BBox=[410,682,4,6], Aspect=0.67, Match=False
  Contour #50: Area=0.0, BBox=[412,648,1,1], Aspect=1.00, Match=False
  Contour #51: Area=5.0, BBox=[406,714,8,7], Aspect=1.14, Match=False
  Contour #52: Area=0.0, BBox=[410,649,1,1], Aspect=1.00, Match=False
  Contour #53: Area=0.0, BBox=[407,693,2,1], Aspect=2.00, Match=False
  Contour #54: Area=0.0, BBox=[408,690,1,1], Aspect=1.00, Match=False
  Contour #55: Area=1.5, BBox=[404,663,3,7], Aspect=0.43, Match=False
  Contour #56: Area=1.5, BBox=[402,704,4,4], Aspect=1.00, Match=False
  Contour #57: Area=4.0, BBox=[397,656,3,11], Aspect=0.27, Match=False
  Contour #58: Area=0.0, BBox=[396,664,1,3], Aspect=0.33, Match=False
[13:01:47] [WARNING] Không quét đủ vật thể (Blue=None, Green=(497, 653)).
[13:01:50] [CAPTCHA] Đang quét tìm khối vuông và đích (Lần thử 3/3)...
--- [CAPTCHA] Quét Blue (Lần thử 3/3): Found 0 contours ---
--- [CAPTCHA] Quét Green (Lần thử 3/3): Found 59 contours ---
  Contour #0: Area=0.0, BBox=[567,658,1,1], Aspect=1.00, Match=False
  Contour #1: Area=2.0, BBox=[563,654,5,4], Aspect=1.25, Match=False
  Contour #2: Area=0.0, BBox=[558,707,1,1], Aspect=1.00, Match=False
  Contour #3: Area=0.0, BBox=[556,707,1,1], Aspect=1.00, Match=False
  Contour #4: Area=0.0, BBox=[554,663,1,1], Aspect=1.00, Match=False
  Contour #5: Area=0.5, BBox=[542,645,2,2], Aspect=1.00, Match=False
  Contour #6: Area=0.5, BBox=[534,667,4,4], Aspect=1.00, Match=False
  Contour #7: Area=0.0, BBox=[532,669,1,1], Aspect=1.00, Match=False
  Contour #8: Area=0.0, BBox=[532,662,1,1], Aspect=1.00, Match=False
  Contour #9: Area=0.5, BBox=[528,719,2,2], Aspect=1.00, Match=False
  Contour #10: Area=0.0, BBox=[527,678,1,2], Aspect=0.50, Match=False
  Contour #11: Area=0.0, BBox=[527,675,1,1], Aspect=1.00, Match=False
  Contour #12: Area=0.0, BBox=[523,665,1,2], Aspect=0.50, Match=False
  Contour #13: Area=0.0, BBox=[522,674,1,1], Aspect=1.00, Match=False
  Contour #14: Area=0.0, BBox=[508,664,1,1], Aspect=1.00, Match=False
  Contour #15: Area=0.0, BBox=[499,673,5,1], Aspect=5.00, Match=False
  Contour #16: Area=154.0, BBox=[484,642,26,22], Aspect=1.18, Match=True
  Contour #17: Area=0.0, BBox=[489,663,1,1], Aspect=1.00, Match=False
  Contour #18: Area=0.0, BBox=[485,664,1,1], Aspect=1.00, Match=False
  Contour #19: Area=0.0, BBox=[484,650,1,1], Aspect=1.00, Match=False
  Contour #20: Area=2.0, BBox=[452,651,3,5], Aspect=0.60, Match=False
  Contour #21: Area=0.0, BBox=[450,661,1,3], Aspect=0.33, Match=False
  Contour #22: Area=0.0, BBox=[449,716,1,6], Aspect=0.17, Match=False
  Contour #23: Area=1.0, BBox=[448,692,2,7], Aspect=0.29, Match=False
  Contour #24: Area=0.0, BBox=[448,702,1,2], Aspect=0.50, Match=False
  Contour #25: Area=6.0, BBox=[443,648,9,2], Aspect=4.50, Match=False
  Contour #26: Area=0.0, BBox=[442,660,1,1], Aspect=1.00, Match=False
  Contour #27: Area=0.0, BBox=[440,643,3,2], Aspect=1.50, Match=False
  Contour #28: Area=0.0, BBox=[438,642,1,1], Aspect=1.00, Match=False
  Contour #29: Area=0.0, BBox=[431,714,1,1], Aspect=1.00, Match=False
  Contour #30: Area=0.0, BBox=[430,706,2,4], Aspect=0.50, Match=False
  Contour #31: Area=0.0, BBox=[424,713,1,1], Aspect=1.00, Match=False
  Contour #32: Area=1.5, BBox=[420,714,3,4], Aspect=0.75, Match=False
  Contour #33: Area=0.0, BBox=[421,711,1,1], Aspect=1.00, Match=False
  Contour #34: Area=0.0, BBox=[421,693,1,1], Aspect=1.00, Match=False
  Contour #35: Area=2.5, BBox=[420,686,2,6], Aspect=0.33, Match=False
  Contour #36: Area=0.0, BBox=[419,704,1,1], Aspect=1.00, Match=False
  Contour #37: Area=0.0, BBox=[419,699,1,1], Aspect=1.00, Match=False
  Contour #38: Area=0.0, BBox=[419,694,1,1], Aspect=1.00, Match=False
  Contour #39: Area=0.0, BBox=[418,701,1,1], Aspect=1.00, Match=False
  Contour #40: Area=0.0, BBox=[417,697,1,2], Aspect=0.50, Match=False
  Contour #41: Area=0.0, BBox=[416,700,1,1], Aspect=1.00, Match=False
  Contour #42: Area=0.0, BBox=[415,695,3,1], Aspect=3.00, Match=False
  Contour #43: Area=0.0, BBox=[416,670,1,1], Aspect=1.00, Match=False
  Contour #44: Area=1.0, BBox=[415,652,2,3], Aspect=0.67, Match=False
  Contour #45: Area=0.0, BBox=[414,692,1,1], Aspect=1.00, Match=False
  Contour #46: Area=0.0, BBox=[414,674,1,1], Aspect=1.00, Match=False
  Contour #47: Area=0.0, BBox=[414,648,1,1], Aspect=1.00, Match=False
  Contour #48: Area=0.0, BBox=[412,696,2,2], Aspect=1.00, Match=False
  Contour #49: Area=3.0, BBox=[410,682,4,6], Aspect=0.67, Match=False
  Contour #50: Area=0.0, BBox=[412,648,1,1], Aspect=1.00, Match=False
  Contour #51: Area=5.0, BBox=[406,714,8,7], Aspect=1.14, Match=False
  Contour #52: Area=0.0, BBox=[410,649,1,1], Aspect=1.00, Match=False
  Contour #53: Area=0.0, BBox=[407,693,2,1], Aspect=2.00, Match=False
  Contour #54: Area=0.0, BBox=[408,690,1,1], Aspect=1.00, Match=False
  Contour #55: Area=1.5, BBox=[404,663,3,7], Aspect=0.43, Match=False
  Contour #56: Area=1.5, BBox=[402,704,4,4], Aspect=1.00, Match=False
  Contour #57: Area=4.0, BBox=[397,656,3,11], Aspect=0.27, Match=False
  Contour #58: Area=0.0, BBox=[396,664,1,3], Aspect=0.33, Match=False
[13:01:50] [WARNING] Không quét đủ vật thể (Blue=None, Green=(497, 653)).
[13:01:50] [SUCCESS] Dừng bot.
[16:49:01] [SUCCESS] ==================================================================
[16:49:01] [SUCCESS] 🚀 KHỞI ĐỘNG AUTO-CLICKER GOLIKE HOÀN TOÀN TỰ ĐỘNG (KHÔNG DÙNG AI)
[16:49:01] [SUCCESS] ==================================================================
[16:49:01] [SUCCESS] Đã kết nối thiết bị: dd1d8712
[16:49:01] [WARNING] Thiếu ảnh mẫu: 'templates\nut_dong_quang_cao.png'. Bỏ qua.
[16:49:01] [WARNING] Thiếu ảnh mẫu: 'templates\nut_tiep_tuc.png'. Bỏ qua.
[16:49:01] [INFO] Đã load thành công 14 ảnh mẫu.
[16:49:05] [INFO] Trạng thái hiện tại: STATE_GOLIKE_HOME
[16:49:07] [JOB] Vuốt tìm Job mới...
[16:49:13] [JOB] Nhận Job mới...
[16:49:18] [INFO] Trạng thái hiện tại: STATE_JOB_DETAIL
[16:49:19] [INFO] Đã load xong giao diện.
[16:49:20] [TIKTOK] Bấm nút mở app TikTok...
[16:49:34] [TIKTOK] Bấm Follow TikTok tại (164, 439)
[16:49:41] [INFO] Trạng thái hiện tại: STATE_CAPTCHA
[16:49:42] [JOB] Click Hoàn thành...
[16:49:51] [INFO] Bấm OK nhận kết quả Job...
[16:49:51] [SUCCESS] Đã hoàn thành thành công 1 job!
[16:49:58] [JOB] Vuốt tìm Job mới...
[16:50:04] [JOB] Nhận Job mới...
[16:50:08] [INFO] Đã load xong giao diện.
[16:50:09] [TIKTOK] Bấm nút mở app TikTok...
[16:50:19] [TIKTOK] Bấm Follow TikTok tại (164, 439)
[16:50:25] [JOB] Click Hoàn thành...
[16:50:32] [INFO] Bấm OK nhận kết quả Job...
[16:50:33] [SUCCESS] Đã hoàn thành thành công 2 job!
[16:50:42] [JOB] Vuốt tìm Job mới...
[16:50:47] [JOB] Nhận Job mới...
[16:50:52] [INFO] Đã load xong giao diện.
[16:50:53] [CAPTCHA] Phát hiện màn hình Captcha Xác minh nhanh!
[16:50:53] [CAPTCHA] Đang quét tìm khối vuông và đích (Lần thử 1/3)...
--- [CAPTCHA] Quét Blue (Lần thử 1/3): Found 2 contours ---
  Contour #0: Area=3666.0, BBox=[114,742,127,41], Aspect=3.10, Match=False
  Contour #1: Area=890.0, BBox=[185,694,26,53], Aspect=0.49, Match=False
--- [CAPTCHA] Quét Green (Lần thử 1/3): Found 38 contours ---
  Contour #0: Area=0.0, BBox=[549,733,1,1], Aspect=1.00, Match=False
  Contour #1: Area=0.0, BBox=[531,728,1,1], Aspect=1.00, Match=False
  Contour #2: Area=0.0, BBox=[519,720,1,1], Aspect=1.00, Match=False
  Contour #3: Area=0.0, BBox=[463,707,3,1], Aspect=3.00, Match=False
  Contour #4: Area=9.5, BBox=[460,717,6,7], Aspect=0.86, Match=False
  Contour #5: Area=0.0, BBox=[459,719,1,1], Aspect=1.00, Match=False
  Contour #6: Area=0.0, BBox=[456,719,1,1], Aspect=1.00, Match=False
  Contour #7: Area=2.0, BBox=[452,718,4,4], Aspect=1.00, Match=False
  Contour #8: Area=0.0, BBox=[450,717,1,1], Aspect=1.00, Match=False
  Contour #9: Area=0.0, BBox=[448,719,1,1], Aspect=1.00, Match=False
  Contour #10: Area=0.0, BBox=[448,715,1,1], Aspect=1.00, Match=False
  Contour #11: Area=0.0, BBox=[443,748,1,1], Aspect=1.00, Match=False
  Contour #12: Area=0.0, BBox=[443,716,1,1], Aspect=1.00, Match=False
  Contour #13: Area=13.0, BBox=[436,710,7,8], Aspect=0.88, Match=False
  Contour #14: Area=0.5, BBox=[436,734,2,2], Aspect=1.00, Match=False
  Contour #15: Area=0.0, BBox=[435,711,1,1], Aspect=1.00, Match=False
  Contour #16: Area=0.0, BBox=[431,696,1,1], Aspect=1.00, Match=False
  Contour #17: Area=16.5, BBox=[424,734,11,3], Aspect=3.67, Match=False
  Contour #18: Area=0.0, BBox=[427,707,1,1], Aspect=1.00, Match=False
  Contour #19: Area=85.0, BBox=[415,704,23,14], Aspect=1.64, Match=False
  Contour #20: Area=21.5, BBox=[415,703,11,7], Aspect=1.57, Match=False
  Contour #21: Area=0.0, BBox=[417,703,1,1], Aspect=1.00, Match=False
  Contour #22: Area=0.0, BBox=[415,711,3,1], Aspect=3.00, Match=False
  Contour #23: Area=23.0, BBox=[408,696,14,6], Aspect=2.33, Match=False
  Contour #24: Area=22.5, BBox=[409,718,7,9], Aspect=0.78, Match=False
  Contour #25: Area=0.0, BBox=[412,717,1,1], Aspect=1.00, Match=False
  Contour #26: Area=0.0, BBox=[412,701,1,2], Aspect=0.50, Match=False
  Contour #27: Area=0.0, BBox=[412,699,1,1], Aspect=1.00, Match=False
  Contour #28: Area=0.0, BBox=[411,707,1,1], Aspect=1.00, Match=False
  Contour #29: Area=0.0, BBox=[410,703,1,1], Aspect=1.00, Match=False
  Contour #30: Area=0.0, BBox=[409,714,1,1], Aspect=1.00, Match=False
  Contour #31: Area=0.0, BBox=[407,713,1,2], Aspect=0.50, Match=False
  Contour #32: Area=0.0, BBox=[407,706,1,1], Aspect=1.00, Match=False
  Contour #33: Area=0.5, BBox=[404,710,2,2], Aspect=1.00, Match=False
  Contour #34: Area=2.5, BBox=[403,697,5,5], Aspect=1.00, Match=False
  Contour #35: Area=0.0, BBox=[404,706,1,1], Aspect=1.00, Match=False
  Contour #36: Area=0.0, BBox=[400,697,2,1], Aspect=2.00, Match=False
  Contour #37: Area=0.0, BBox=[400,699,1,1], Aspect=1.00, Match=False
[16:50:53] [WARNING] Không quét đủ vật thể (Blue=None, Green=None).
[16:50:56] [CAPTCHA] Đang quét tìm khối vuông và đích (Lần thử 2/3)...
--- [CAPTCHA] Quét Blue (Lần thử 2/3): Found 2 contours ---
  Contour #0: Area=3666.0, BBox=[114,742,127,41], Aspect=3.10, Match=False
  Contour #1: Area=890.0, BBox=[185,694,26,53], Aspect=0.49, Match=False
--- [CAPTCHA] Quét Green (Lần thử 2/3): Found 38 contours ---
  Contour #0: Area=0.0, BBox=[549,733,1,1], Aspect=1.00, Match=False
  Contour #1: Area=0.0, BBox=[531,728,1,1], Aspect=1.00, Match=False
  Contour #2: Area=0.0, BBox=[519,720,1,1], Aspect=1.00, Match=False
  Contour #3: Area=0.0, BBox=[463,707,3,1], Aspect=3.00, Match=False
  Contour #4: Area=9.5, BBox=[460,717,6,7], Aspect=0.86, Match=False
  Contour #5: Area=0.0, BBox=[459,719,1,1], Aspect=1.00, Match=False
  Contour #6: Area=0.0, BBox=[456,719,1,1], Aspect=1.00, Match=False
  Contour #7: Area=2.0, BBox=[452,718,4,4], Aspect=1.00, Match=False
  Contour #8: Area=0.0, BBox=[450,717,1,1], Aspect=1.00, Match=False
  Contour #9: Area=0.0, BBox=[448,719,1,1], Aspect=1.00, Match=False
  Contour #10: Area=0.0, BBox=[448,715,1,1], Aspect=1.00, Match=False
  Contour #11: Area=0.0, BBox=[443,748,1,1], Aspect=1.00, Match=False
  Contour #12: Area=0.0, BBox=[443,716,1,1], Aspect=1.00, Match=False
  Contour #13: Area=13.0, BBox=[436,710,7,8], Aspect=0.88, Match=False
  Contour #14: Area=0.5, BBox=[436,734,2,2], Aspect=1.00, Match=False
  Contour #15: Area=0.0, BBox=[435,711,1,1], Aspect=1.00, Match=False
  Contour #16: Area=0.0, BBox=[431,696,1,1], Aspect=1.00, Match=False
  Contour #17: Area=16.5, BBox=[424,734,11,3], Aspect=3.67, Match=False
  Contour #18: Area=0.0, BBox=[427,707,1,1], Aspect=1.00, Match=False
  Contour #19: Area=85.0, BBox=[415,704,23,14], Aspect=1.64, Match=False
  Contour #20: Area=21.5, BBox=[415,703,11,7], Aspect=1.57, Match=False
  Contour #21: Area=0.0, BBox=[417,703,1,1], Aspect=1.00, Match=False
  Contour #22: Area=0.0, BBox=[415,711,3,1], Aspect=3.00, Match=False
  Contour #23: Area=23.0, BBox=[408,696,14,6], Aspect=2.33, Match=False
  Contour #24: Area=22.5, BBox=[409,718,7,9], Aspect=0.78, Match=False
  Contour #25: Area=0.0, BBox=[412,717,1,1], Aspect=1.00, Match=False
  Contour #26: Area=0.0, BBox=[412,701,1,2], Aspect=0.50, Match=False
  Contour #27: Area=0.0, BBox=[412,699,1,1], Aspect=1.00, Match=False
  Contour #28: Area=0.0, BBox=[411,707,1,1], Aspect=1.00, Match=False
  Contour #29: Area=0.0, BBox=[410,703,1,1], Aspect=1.00, Match=False
  Contour #30: Area=0.0, BBox=[409,714,1,1], Aspect=1.00, Match=False
  Contour #31: Area=0.0, BBox=[407,713,1,2], Aspect=0.50, Match=False
  Contour #32: Area=0.0, BBox=[407,706,1,1], Aspect=1.00, Match=False
  Contour #33: Area=0.5, BBox=[404,710,2,2], Aspect=1.00, Match=False
  Contour #34: Area=2.5, BBox=[403,697,5,5], Aspect=1.00, Match=False
  Contour #35: Area=0.0, BBox=[404,706,1,1], Aspect=1.00, Match=False
  Contour #36: Area=0.0, BBox=[400,697,2,1], Aspect=2.00, Match=False
  Contour #37: Area=0.0, BBox=[400,699,1,1], Aspect=1.00, Match=False
[16:50:56] [WARNING] Không quét đủ vật thể (Blue=None, Green=None).
[16:50:59] [CAPTCHA] Đang quét tìm khối vuông và đích (Lần thử 3/3)...
--- [CAPTCHA] Quét Blue (Lần thử 3/3): Found 2 contours ---
  Contour #0: Area=3666.0, BBox=[114,742,127,41], Aspect=3.10, Match=False
  Contour #1: Area=890.0, BBox=[185,694,26,53], Aspect=0.49, Match=False
--- [CAPTCHA] Quét Green (Lần thử 3/3): Found 38 contours ---
  Contour #0: Area=0.0, BBox=[549,733,1,1], Aspect=1.00, Match=False
  Contour #1: Area=0.0, BBox=[531,728,1,1], Aspect=1.00, Match=False
  Contour #2: Area=0.0, BBox=[519,720,1,1], Aspect=1.00, Match=False
  Contour #3: Area=0.0, BBox=[463,707,3,1], Aspect=3.00, Match=False
  Contour #4: Area=9.5, BBox=[460,717,6,7], Aspect=0.86, Match=False
  Contour #5: Area=0.0, BBox=[459,719,1,1], Aspect=1.00, Match=False
  Contour #6: Area=0.0, BBox=[456,719,1,1], Aspect=1.00, Match=False
  Contour #7: Area=2.0, BBox=[452,718,4,4], Aspect=1.00, Match=False
  Contour #8: Area=0.0, BBox=[450,717,1,1], Aspect=1.00, Match=False
  Contour #9: Area=0.0, BBox=[448,719,1,1], Aspect=1.00, Match=False
  Contour #10: Area=0.0, BBox=[448,715,1,1], Aspect=1.00, Match=False
  Contour #11: Area=0.0, BBox=[443,748,1,1], Aspect=1.00, Match=False
  Contour #12: Area=0.0, BBox=[443,716,1,1], Aspect=1.00, Match=False
  Contour #13: Area=13.0, BBox=[436,710,7,8], Aspect=0.88, Match=False
  Contour #14: Area=0.5, BBox=[436,734,2,2], Aspect=1.00, Match=False
  Contour #15: Area=0.0, BBox=[435,711,1,1], Aspect=1.00, Match=False
  Contour #16: Area=0.0, BBox=[431,696,1,1], Aspect=1.00, Match=False
  Contour #17: Area=16.5, BBox=[424,734,11,3], Aspect=3.67, Match=False
  Contour #18: Area=0.0, BBox=[427,707,1,1], Aspect=1.00, Match=False
  Contour #19: Area=85.0, BBox=[415,704,23,14], Aspect=1.64, Match=False
  Contour #20: Area=21.5, BBox=[415,703,11,7], Aspect=1.57, Match=False
  Contour #21: Area=0.0, BBox=[417,703,1,1], Aspect=1.00, Match=False
  Contour #22: Area=0.0, BBox=[415,711,3,1], Aspect=3.00, Match=False
  Contour #23: Area=23.0, BBox=[408,696,14,6], Aspect=2.33, Match=False
  Contour #24: Area=22.5, BBox=[409,718,7,9], Aspect=0.78, Match=False
  Contour #25: Area=0.0, BBox=[412,717,1,1], Aspect=1.00, Match=False
  Contour #26: Area=0.0, BBox=[412,701,1,2], Aspect=0.50, Match=False
  Contour #27: Area=0.0, BBox=[412,699,1,1], Aspect=1.00, Match=False
  Contour #28: Area=0.0, BBox=[411,707,1,1], Aspect=1.00, Match=False
  Contour #29: Area=0.0, BBox=[410,703,1,1], Aspect=1.00, Match=False
  Contour #30: Area=0.0, BBox=[409,714,1,1], Aspect=1.00, Match=False
  Contour #31: Area=0.0, BBox=[407,713,1,2], Aspect=0.50, Match=False
  Contour #32: Area=0.0, BBox=[407,706,1,1], Aspect=1.00, Match=False
  Contour #33: Area=0.5, BBox=[404,710,2,2], Aspect=1.00, Match=False
  Contour #34: Area=2.5, BBox=[403,697,5,5], Aspect=1.00, Match=False
  Contour #35: Area=0.0, BBox=[404,706,1,1], Aspect=1.00, Match=False
  Contour #36: Area=0.0, BBox=[400,697,2,1], Aspect=2.00, Match=False
  Contour #37: Area=0.0, BBox=[400,699,1,1], Aspect=1.00, Match=False
[16:51:00] [WARNING] Không quét đủ vật thể (Blue=None, Green=None).
[16:51:02] [ERROR] Không thể tự động giải Captcha sau 3 lần thử.
[16:51:05] [CAPTCHA] Phát hiện màn hình Captcha Xác minh nhanh!
[16:51:05] [CAPTCHA] Đang quét tìm khối vuông và đích (Lần thử 1/3)...
--- [CAPTCHA] Quét Blue (Lần thử 1/3): Found 2 contours ---
  Contour #0: Area=3666.0, BBox=[114,742,127,41], Aspect=3.10, Match=False
  Contour #1: Area=890.0, BBox=[185,694,26,53], Aspect=0.49, Match=False
--- [CAPTCHA] Quét Green (Lần thử 1/3): Found 38 contours ---
  Contour #0: Area=0.0, BBox=[549,733,1,1], Aspect=1.00, Match=False
  Contour #1: Area=0.0, BBox=[531,728,1,1], Aspect=1.00, Match=False
  Contour #2: Area=0.0, BBox=[519,720,1,1], Aspect=1.00, Match=False
  Contour #3: Area=0.0, BBox=[463,707,3,1], Aspect=3.00, Match=False
  Contour #4: Area=9.5, BBox=[460,717,6,7], Aspect=0.86, Match=False
  Contour #5: Area=0.0, BBox=[459,719,1,1], Aspect=1.00, Match=False
  Contour #6: Area=0.0, BBox=[456,719,1,1], Aspect=1.00, Match=False
  Contour #7: Area=2.0, BBox=[452,718,4,4], Aspect=1.00, Match=False
  Contour #8: Area=0.0, BBox=[450,717,1,1], Aspect=1.00, Match=False
  Contour #9: Area=0.0, BBox=[448,719,1,1], Aspect=1.00, Match=False
  Contour #10: Area=0.0, BBox=[448,715,1,1], Aspect=1.00, Match=False
  Contour #11: Area=0.0, BBox=[443,748,1,1], Aspect=1.00, Match=False
  Contour #12: Area=0.0, BBox=[443,716,1,1], Aspect=1.00, Match=False
  Contour #13: Area=13.0, BBox=[436,710,7,8], Aspect=0.88, Match=False
  Contour #14: Area=0.5, BBox=[436,734,2,2], Aspect=1.00, Match=False
  Contour #15: Area=0.0, BBox=[435,711,1,1], Aspect=1.00, Match=False
  Contour #16: Area=0.0, BBox=[431,696,1,1], Aspect=1.00, Match=False
  Contour #17: Area=16.5, BBox=[424,734,11,3], Aspect=3.67, Match=False
  Contour #18: Area=0.0, BBox=[427,707,1,1], Aspect=1.00, Match=False
  Contour #19: Area=85.0, BBox=[415,704,23,14], Aspect=1.64, Match=False
  Contour #20: Area=21.5, BBox=[415,703,11,7], Aspect=1.57, Match=False
  Contour #21: Area=0.0, BBox=[417,703,1,1], Aspect=1.00, Match=False
  Contour #22: Area=0.0, BBox=[415,711,3,1], Aspect=3.00, Match=False
  Contour #23: Area=23.0, BBox=[408,696,14,6], Aspect=2.33, Match=False
  Contour #24: Area=22.5, BBox=[409,718,7,9], Aspect=0.78, Match=False
  Contour #25: Area=0.0, BBox=[412,717,1,1], Aspect=1.00, Match=False
  Contour #26: Area=0.0, BBox=[412,701,1,2], Aspect=0.50, Match=False
  Contour #27: Area=0.0, BBox=[412,699,1,1], Aspect=1.00, Match=False
  Contour #28: Area=0.0, BBox=[411,707,1,1], Aspect=1.00, Match=False
  Contour #29: Area=0.0, BBox=[410,703,1,1], Aspect=1.00, Match=False
  Contour #30: Area=0.0, BBox=[409,714,1,1], Aspect=1.00, Match=False
  Contour #31: Area=0.0, BBox=[407,713,1,2], Aspect=0.50, Match=False
  Contour #32: Area=0.0, BBox=[407,706,1,1], Aspect=1.00, Match=False
  Contour #33: Area=0.5, BBox=[404,710,2,2], Aspect=1.00, Match=False
  Contour #34: Area=2.5, BBox=[403,697,5,5], Aspect=1.00, Match=False
  Contour #35: Area=0.0, BBox=[404,706,1,1], Aspect=1.00, Match=False
  Contour #36: Area=0.0, BBox=[400,697,2,1], Aspect=2.00, Match=False
  Contour #37: Area=0.0, BBox=[400,699,1,1], Aspect=1.00, Match=False
[16:51:05] [WARNING] Không quét đủ vật thể (Blue=None, Green=None).
[16:51:08] [CAPTCHA] Đang quét tìm khối vuông và đích (Lần thử 2/3)...
--- [CAPTCHA] Quét Blue (Lần thử 2/3): Found 2 contours ---
  Contour #0: Area=3666.0, BBox=[114,742,127,41], Aspect=3.10, Match=False
  Contour #1: Area=890.0, BBox=[185,694,26,53], Aspect=0.49, Match=False
--- [CAPTCHA] Quét Green (Lần thử 2/3): Found 38 contours ---
  Contour #0: Area=0.0, BBox=[549,733,1,1], Aspect=1.00, Match=False
  Contour #1: Area=0.0, BBox=[531,728,1,1], Aspect=1.00, Match=False
  Contour #2: Area=0.0, BBox=[519,720,1,1], Aspect=1.00, Match=False
  Contour #3: Area=0.0, BBox=[463,707,3,1], Aspect=3.00, Match=False
  Contour #4: Area=9.5, BBox=[460,717,6,7], Aspect=0.86, Match=False
  Contour #5: Area=0.0, BBox=[459,719,1,1], Aspect=1.00, Match=False
  Contour #6: Area=0.0, BBox=[456,719,1,1], Aspect=1.00, Match=False
  Contour #7: Area=2.0, BBox=[452,718,4,4], Aspect=1.00, Match=False
  Contour #8: Area=0.0, BBox=[450,717,1,1], Aspect=1.00, Match=False
  Contour #9: Area=0.0, BBox=[448,719,1,1], Aspect=1.00, Match=False
  Contour #10: Area=0.0, BBox=[448,715,1,1], Aspect=1.00, Match=False
  Contour #11: Area=0.0, BBox=[443,748,1,1], Aspect=1.00, Match=False
  Contour #12: Area=0.0, BBox=[443,716,1,1], Aspect=1.00, Match=False
  Contour #13: Area=13.0, BBox=[436,710,7,8], Aspect=0.88, Match=False
  Contour #14: Area=0.5, BBox=[436,734,2,2], Aspect=1.00, Match=False
  Contour #15: Area=0.0, BBox=[435,711,1,1], Aspect=1.00, Match=False
  Contour #16: Area=0.0, BBox=[431,696,1,1], Aspect=1.00, Match=False
  Contour #17: Area=16.5, BBox=[424,734,11,3], Aspect=3.67, Match=False
  Contour #18: Area=0.0, BBox=[427,707,1,1], Aspect=1.00, Match=False
  Contour #19: Area=85.0, BBox=[415,704,23,14], Aspect=1.64, Match=False
  Contour #20: Area=21.5, BBox=[415,703,11,7], Aspect=1.57, Match=False
  Contour #21: Area=0.0, BBox=[417,703,1,1], Aspect=1.00, Match=False
  Contour #22: Area=0.0, BBox=[415,711,3,1], Aspect=3.00, Match=False
  Contour #23: Area=23.0, BBox=[408,696,14,6], Aspect=2.33, Match=False
  Contour #24: Area=22.5, BBox=[409,718,7,9], Aspect=0.78, Match=False
  Contour #25: Area=0.0, BBox=[412,717,1,1], Aspect=1.00, Match=False
  Contour #26: Area=0.0, BBox=[412,701,1,2], Aspect=0.50, Match=False
  Contour #27: Area=0.0, BBox=[412,699,1,1], Aspect=1.00, Match=False
  Contour #28: Area=0.0, BBox=[411,707,1,1], Aspect=1.00, Match=False
  Contour #29: Area=0.0, BBox=[410,703,1,1], Aspect=1.00, Match=False
  Contour #30: Area=0.0, BBox=[409,714,1,1], Aspect=1.00, Match=False
  Contour #31: Area=0.0, BBox=[407,713,1,2], Aspect=0.50, Match=False
  Contour #32: Area=0.0, BBox=[407,706,1,1], Aspect=1.00, Match=False
  Contour #33: Area=0.5, BBox=[404,710,2,2], Aspect=1.00, Match=False
  Contour #34: Area=2.5, BBox=[403,697,5,5], Aspect=1.00, Match=False
  Contour #35: Area=0.0, BBox=[404,706,1,1], Aspect=1.00, Match=False
  Contour #36: Area=0.0, BBox=[400,697,2,1], Aspect=2.00, Match=False
  Contour #37: Area=0.0, BBox=[400,699,1,1], Aspect=1.00, Match=False
[16:51:08] [WARNING] Không quét đủ vật thể (Blue=None, Green=None).
[16:51:11] [CAPTCHA] Đang quét tìm khối vuông và đích (Lần thử 3/3)...
--- [CAPTCHA] Quét Blue (Lần thử 3/3): Found 2 contours ---
  Contour #0: Area=3666.0, BBox=[114,742,127,41], Aspect=3.10, Match=False
  Contour #1: Area=890.0, BBox=[185,694,26,53], Aspect=0.49, Match=False
--- [CAPTCHA] Quét Green (Lần thử 3/3): Found 38 contours ---
  Contour #0: Area=0.0, BBox=[549,733,1,1], Aspect=1.00, Match=False
  Contour #1: Area=0.0, BBox=[531,728,1,1], Aspect=1.00, Match=False
  Contour #2: Area=0.0, BBox=[519,720,1,1], Aspect=1.00, Match=False
  Contour #3: Area=0.0, BBox=[463,707,3,1], Aspect=3.00, Match=False
  Contour #4: Area=9.5, BBox=[460,717,6,7], Aspect=0.86, Match=False
  Contour #5: Area=0.0, BBox=[459,719,1,1], Aspect=1.00, Match=False
  Contour #6: Area=0.0, BBox=[456,719,1,1], Aspect=1.00, Match=False
  Contour #7: Area=2.0, BBox=[452,718,4,4], Aspect=1.00, Match=False
  Contour #8: Area=0.0, BBox=[450,717,1,1], Aspect=1.00, Match=False
  Contour #9: Area=0.0, BBox=[448,719,1,1], Aspect=1.00, Match=False
  Contour #10: Area=0.0, BBox=[448,715,1,1], Aspect=1.00, Match=False
  Contour #11: Area=0.0, BBox=[443,748,1,1], Aspect=1.00, Match=False
  Contour #12: Area=0.0, BBox=[443,716,1,1], Aspect=1.00, Match=False
  Contour #13: Area=13.0, BBox=[436,710,7,8], Aspect=0.88, Match=False
  Contour #14: Area=0.5, BBox=[436,734,2,2], Aspect=1.00, Match=False
  Contour #15: Area=0.0, BBox=[435,711,1,1], Aspect=1.00, Match=False
  Contour #16: Area=0.0, BBox=[431,696,1,1], Aspect=1.00, Match=False
  Contour #17: Area=16.5, BBox=[424,734,11,3], Aspect=3.67, Match=False
  Contour #18: Area=0.0, BBox=[427,707,1,1], Aspect=1.00, Match=False
  Contour #19: Area=85.0, BBox=[415,704,23,14], Aspect=1.64, Match=False
  Contour #20: Area=21.5, BBox=[415,703,11,7], Aspect=1.57, Match=False
  Contour #21: Area=0.0, BBox=[417,703,1,1], Aspect=1.00, Match=False
  Contour #22: Area=0.0, BBox=[415,711,3,1], Aspect=3.00, Match=False
  Contour #23: Area=23.0, BBox=[408,696,14,6], Aspect=2.33, Match=False
  Contour #24: Area=22.5, BBox=[409,718,7,9], Aspect=0.78, Match=False
  Contour #25: Area=0.0, BBox=[412,717,1,1], Aspect=1.00, Match=False
  Contour #26: Area=0.0, BBox=[412,701,1,2], Aspect=0.50, Match=False
  Contour #27: Area=0.0, BBox=[412,699,1,1], Aspect=1.00, Match=False
  Contour #28: Area=0.0, BBox=[411,707,1,1], Aspect=1.00, Match=False
  Contour #29: Area=0.0, BBox=[410,703,1,1], Aspect=1.00, Match=False
  Contour #30: Area=0.0, BBox=[409,714,1,1], Aspect=1.00, Match=False
  Contour #31: Area=0.0, BBox=[407,713,1,2], Aspect=0.50, Match=False
  Contour #32: Area=0.0, BBox=[407,706,1,1], Aspect=1.00, Match=False
  Contour #33: Area=0.5, BBox=[404,710,2,2], Aspect=1.00, Match=False
  Contour #34: Area=2.5, BBox=[403,697,5,5], Aspect=1.00, Match=False
  Contour #35: Area=0.0, BBox=[404,706,1,1], Aspect=1.00, Match=False
  Contour #36: Area=0.0, BBox=[400,697,2,1], Aspect=2.00, Match=False
  Contour #37: Area=0.0, BBox=[400,699,1,1], Aspect=1.00, Match=False
[16:51:11] [WARNING] Không quét đủ vật thể (Blue=None, Green=None).
[16:51:13] [ERROR] Không thể tự động giải Captcha sau 3 lần thử.
[16:51:15] [CAPTCHA] Phát hiện màn hình Captcha Xác minh nhanh!
[16:51:15] [CAPTCHA] Đang quét tìm khối vuông và đích (Lần thử 1/3)...
--- [CAPTCHA] Quét Blue (Lần thử 1/3): Found 2 contours ---
  Contour #0: Area=3666.0, BBox=[114,742,127,41], Aspect=3.10, Match=False
  Contour #1: Area=890.0, BBox=[185,694,26,53], Aspect=0.49, Match=False
--- [CAPTCHA] Quét Green (Lần thử 1/3): Found 38 contours ---
  Contour #0: Area=0.0, BBox=[549,733,1,1], Aspect=1.00, Match=False
  Contour #1: Area=0.0, BBox=[531,728,1,1], Aspect=1.00, Match=False
  Contour #2: Area=0.0, BBox=[519,720,1,1], Aspect=1.00, Match=False
  Contour #3: Area=0.0, BBox=[463,707,3,1], Aspect=3.00, Match=False
  Contour #4: Area=9.5, BBox=[460,717,6,7], Aspect=0.86, Match=False
  Contour #5: Area=0.0, BBox=[459,719,1,1], Aspect=1.00, Match=False
  Contour #6: Area=0.0, BBox=[456,719,1,1], Aspect=1.00, Match=False
  Contour #7: Area=2.0, BBox=[452,718,4,4], Aspect=1.00, Match=False
  Contour #8: Area=0.0, BBox=[450,717,1,1], Aspect=1.00, Match=False
  Contour #9: Area=0.0, BBox=[448,719,1,1], Aspect=1.00, Match=False
  Contour #10: Area=0.0, BBox=[448,715,1,1], Aspect=1.00, Match=False
  Contour #11: Area=0.0, BBox=[443,748,1,1], Aspect=1.00, Match=False
  Contour #12: Area=0.0, BBox=[443,716,1,1], Aspect=1.00, Match=False
  Contour #13: Area=13.0, BBox=[436,710,7,8], Aspect=0.88, Match=False
  Contour #14: Area=0.5, BBox=[436,734,2,2], Aspect=1.00, Match=False
  Contour #15: Area=0.0, BBox=[435,711,1,1], Aspect=1.00, Match=False
  Contour #16: Area=0.0, BBox=[431,696,1,1], Aspect=1.00, Match=False
  Contour #17: Area=16.5, BBox=[424,734,11,3], Aspect=3.67, Match=False
  Contour #18: Area=0.0, BBox=[427,707,1,1], Aspect=1.00, Match=False
  Contour #19: Area=85.0, BBox=[415,704,23,14], Aspect=1.64, Match=False
  Contour #20: Area=21.5, BBox=[415,703,11,7], Aspect=1.57, Match=False
  Contour #21: Area=0.0, BBox=[417,703,1,1], Aspect=1.00, Match=False
  Contour #22: Area=0.0, BBox=[415,711,3,1], Aspect=3.00, Match=False
  Contour #23: Area=23.0, BBox=[408,696,14,6], Aspect=2.33, Match=False
  Contour #24: Area=22.5, BBox=[409,718,7,9], Aspect=0.78, Match=False
  Contour #25: Area=0.0, BBox=[412,717,1,1], Aspect=1.00, Match=False
  Contour #26: Area=0.0, BBox=[412,701,1,2], Aspect=0.50, Match=False
  Contour #27: Area=0.0, BBox=[412,699,1,1], Aspect=1.00, Match=False
  Contour #28: Area=0.0, BBox=[411,707,1,1], Aspect=1.00, Match=False
  Contour #29: Area=0.0, BBox=[410,703,1,1], Aspect=1.00, Match=False
  Contour #30: Area=0.0, BBox=[409,714,1,1], Aspect=1.00, Match=False
  Contour #31: Area=0.0, BBox=[407,713,1,2], Aspect=0.50, Match=False
  Contour #32: Area=0.0, BBox=[407,706,1,1], Aspect=1.00, Match=False
  Contour #33: Area=0.5, BBox=[404,710,2,2], Aspect=1.00, Match=False
  Contour #34: Area=2.5, BBox=[403,697,5,5], Aspect=1.00, Match=False
  Contour #35: Area=0.0, BBox=[404,706,1,1], Aspect=1.00, Match=False
  Contour #36: Area=0.0, BBox=[400,697,2,1], Aspect=2.00, Match=False
  Contour #37: Area=0.0, BBox=[400,699,1,1], Aspect=1.00, Match=False
[16:51:15] [WARNING] Không quét đủ vật thể (Blue=None, Green=None).
[16:51:17] [SUCCESS] Dừng bot.
[17:11:47] [SUCCESS] ==================================================================
[17:11:47] [SUCCESS] 🚀 KHỞI ĐỘNG AUTO-CLICKER GOLIKE HOÀN TOÀN TỰ ĐỘNG (KHÔNG DÙNG AI)
[17:11:47] [SUCCESS] ==================================================================
[17:11:47] [SUCCESS] Đã kết nối thiết bị: dd1d8712
[17:11:47] [WARNING] Thiếu ảnh mẫu: 'templates\nut_dong_quang_cao.png'. Bỏ qua.
[17:11:47] [WARNING] Thiếu ảnh mẫu: 'templates\nut_tiep_tuc.png'. Bỏ qua.
[17:11:47] [INFO] Đã load thành công 14 ảnh mẫu.
[17:11:48] [INFO] Trạng thái hiện tại: STATE_CAPTCHA
[17:11:49] [INFO] Bấm OK nhận kết quả Job...
[17:11:49] [WARNING] Hệ thống báo lỗi. Bật cờ báo lỗi...
[17:12:07] [INFO] Trạng thái hiện tại: STATE_GOLIKE_HOME
[17:12:08] [SUCCESS] Dừng bot.
[17:14:28] [SUCCESS] ==================================================================
[17:14:28] [SUCCESS] 🚀 KHỞI ĐỘNG AUTO-CLICKER GOLIKE HOÀN TOÀN TỰ ĐỘNG (KHÔNG DÙNG AI)
[17:14:28] [SUCCESS] ==================================================================
[17:14:28] [SUCCESS] Đã kết nối thiết bị: dd1d8712
[17:14:28] [WARNING] Thiếu ảnh mẫu: 'templates\nut_dong_quang_cao.png'. Bỏ qua.
[17:14:28] [WARNING] Thiếu ảnh mẫu: 'templates\nut_tiep_tuc.png'. Bỏ qua.
[17:14:28] [INFO] Đã load thành công 14 ảnh mẫu.
[17:14:30] [INFO] Trạng thái hiện tại: STATE_CAPTCHA
[17:14:31] [INFO] Bấm OK nhận kết quả Job...
[17:14:31] [WARNING] Hệ thống báo lỗi. Bật cờ báo lỗi...
[17:14:41] [SUCCESS] Dừng bot.
[17:17:34] [SUCCESS] ==================================================================
[17:17:34] [SUCCESS] 🚀 KHỞI ĐỘNG AUTO-CLICKER GOLIKE HOÀN TOÀN TỰ ĐỘNG (KHÔNG DÙNG AI)
[17:17:34] [SUCCESS] ==================================================================
[17:17:34] [SUCCESS] Đã kết nối thiết bị: dd1d8712
[17:17:34] [WARNING] Thiếu ảnh mẫu: 'templates\nut_dong_quang_cao.png'. Bỏ qua.
[17:17:34] [WARNING] Thiếu ảnh mẫu: 'templates\nut_tiep_tuc.png'. Bỏ qua.
[17:17:34] [INFO] Đã load thành công 14 ảnh mẫu.
[17:17:37] [INFO] Trạng thái hiện tại: STATE_GOLIKE_HOME
[17:17:38] [JOB] Vuốt tìm Job mới...
[17:17:44] [JOB] Nhận Job mới...
[17:17:48] [INFO] Trạng thái hiện tại: STATE_CAPTCHA
[17:17:49] [INFO] Đã load xong giao diện.
[17:17:50] [CAPTCHA] Phát hiện màn hình Captcha Xác minh nhanh!
[17:17:50] [CAPTCHA] Đang quét tìm khối vuông và đích (Lần thử 1/3)...
--- [CAPTCHA] Quét Blue (Lần thử 1/3): Found 1 contours ---
  Contour #0: Area=7967.0, BBox=[127,765,127,69], Aspect=1.84, Match=False
--- [CAPTCHA] HSV Blue thất bại. Chuyển sang quét BGR Fallback (Lần thử 1/3) ---
--- [CAPTCHA] Quét BGR Blue (Lần thử 1/3): Found 6 contours ---
  BGR Contour #0: Area=11.0, BBox=[245,772,8,4], Aspect=2.00, Match=False
  BGR Contour #1: Area=1.5, BBox=[235,772,3,3], Aspect=1.00, Match=False
  BGR Contour #2: Area=1.0, BBox=[239,775,7,3], Aspect=2.33, Match=False
  BGR Contour #3: Area=0.0, BBox=[246,778,7,2], Aspect=3.50, Match=False
  BGR Contour #4: Area=0.0, BBox=[247,776,1,1], Aspect=1.00, Match=False
  BGR Contour #5: Area=0.0, BBox=[232,772,3,1], Aspect=3.00, Match=False
--- [CAPTCHA] Quét Green (Lần thử 1/3): Found 1 contours ---
  Contour #0: Area=4541.5, BBox=[502,772,91,55], Aspect=1.65, Match=False
[17:17:50] [WARNING] Không quét đủ vật thể (Blue=None, Green=None).
[17:17:54] [CAPTCHA] Đang quét tìm khối vuông và đích (Lần thử 2/3)...
--- [CAPTCHA] Quét Blue (Lần thử 2/3): Found 1 contours ---
  Contour #0: Area=7967.0, BBox=[127,765,127,69], Aspect=1.84, Match=False
--- [CAPTCHA] HSV Blue thất bại. Chuyển sang quét BGR Fallback (Lần thử 2/3) ---
--- [CAPTCHA] Quét BGR Blue (Lần thử 2/3): Found 6 contours ---
  BGR Contour #0: Area=11.0, BBox=[245,772,8,4], Aspect=2.00, Match=False
  BGR Contour #1: Area=1.5, BBox=[235,772,3,3], Aspect=1.00, Match=False
  BGR Contour #2: Area=1.0, BBox=[239,775,7,3], Aspect=2.33, Match=False
  BGR Contour #3: Area=0.0, BBox=[246,778,7,2], Aspect=3.50, Match=False
  BGR Contour #4: Area=0.0, BBox=[247,776,1,1], Aspect=1.00, Match=False
  BGR Contour #5: Area=0.0, BBox=[232,772,3,1], Aspect=3.00, Match=False
--- [CAPTCHA] Quét Green (Lần thử 2/3): Found 1 contours ---
  Contour #0: Area=4760.0, BBox=[502,772,91,55], Aspect=1.65, Match=False
[17:17:54] [WARNING] Không quét đủ vật thể (Blue=None, Green=None).
[17:17:55] [SUCCESS] Dừng bot.
[17:21:43] [SUCCESS] ==================================================================
[17:21:43] [SUCCESS] 🚀 KHỞI ĐỘNG AUTO-CLICKER GOLIKE HOÀN TOÀN TỰ ĐỘNG (KHÔNG DÙNG AI)
[17:21:43] [SUCCESS] ==================================================================
[17:21:43] [SUCCESS] Đã kết nối thiết bị: dd1d8712
[17:21:43] [WARNING] Thiếu ảnh mẫu: 'templates\nut_dong_quang_cao.png'. Bỏ qua.
[17:21:43] [WARNING] Thiếu ảnh mẫu: 'templates\nut_tiep_tuc.png'. Bỏ qua.
[17:21:43] [INFO] Đã load thành công 14 ảnh mẫu.
[17:21:45] [INFO] Trạng thái hiện tại: STATE_GOLIKE_HOME
[17:21:46] [INFO] Bấm OK nhận kết quả Job...
[17:21:46] [WARNING] Hệ thống báo lỗi. Bật cờ báo lỗi...
[17:21:57] [SUCCESS] Dừng bot.
[17:24:10] [SUCCESS] ==================================================================
[17:24:10] [SUCCESS] 🚀 KHỞI ĐỘNG AUTO-CLICKER GOLIKE HOÀN TOÀN TỰ ĐỘNG (KHÔNG DÙNG AI)
[17:24:10] [SUCCESS] ==================================================================
[17:24:10] [SUCCESS] Đã kết nối thiết bị: dd1d8712
[17:24:10] [WARNING] Thiếu ảnh mẫu: 'templates\nut_dong_quang_cao.png'. Bỏ qua.
[17:24:10] [WARNING] Thiếu ảnh mẫu: 'templates\nut_tiep_tuc.png'. Bỏ qua.
[17:24:10] [INFO] Đã load thành công 14 ảnh mẫu.
[17:24:12] [INFO] Trạng thái hiện tại: STATE_GOLIKE_HOME
[17:24:12] [JOB] Vuốt tìm Job mới...
[17:24:16] [JOB] Nhận Job mới...
[17:24:19] [INFO] Trạng thái hiện tại: STATE_JOB_DETAIL
[17:24:19] [INFO] Đã load xong giao diện.
[17:24:20] [TIKTOK] Bấm nút mở app TikTok...
[17:24:29] [TIKTOK] Bấm Follow TikTok tại (164, 439)
[17:24:32] [JOB] Click Hoàn thành...
[17:24:37] [INFO] Trạng thái hiện tại: STATE_GOLIKE_HOME
[17:24:37] [JOB] Nhận Job mới...
[17:24:41] [INFO] Đã load xong giao diện.
[17:24:41] [JOB] Nhận Job mới...
[17:24:44] [INFO] Đã load xong giao diện.
[17:24:44] [JOB] Nhận Job mới...
[17:24:46] [SUCCESS] Dừng bot.
[17:25:44] [SUCCESS] ==================================================================
[17:25:44] [SUCCESS] 🚀 KHỞI ĐỘNG AUTO-CLICKER GOLIKE HOÀN TOÀN TỰ ĐỘNG (KHÔNG DÙNG AI)
[17:25:44] [SUCCESS] ==================================================================
[17:25:44] [SUCCESS] Đã kết nối thiết bị: dd1d8712
[17:25:44] [WARNING] Thiếu ảnh mẫu: 'templates\nut_dong_quang_cao.png'. Bỏ qua.
[17:25:44] [WARNING] Thiếu ảnh mẫu: 'templates\nut_tiep_tuc.png'. Bỏ qua.
[17:25:44] [INFO] Đã load thành công 14 ảnh mẫu.
[17:25:46] [INFO] Trạng thái hiện tại: STATE_CAPTCHA
[17:25:46] [CAPTCHA] Phát hiện màn hình Captcha Xác minh nhanh!
[17:25:46] [CAPTCHA] Đang quét tìm khối vuông và đích (Lần thử 1/3)...
--- [CAPTCHA] Quét Blue (Lần thử 1/3): Found 2 contours ---
  Contour #0: Area=3578.5, BBox=[114,759,102,57], Aspect=1.79, Match=False
  Contour #1: Area=791.0, BBox=[202,755,39,22], Aspect=1.77, Match=True
--- [CAPTCHA] Quét Green (Lần thử 1/3): Found 1 contours ---
  Contour #0: Area=0.0, BBox=[504,755,1,1], Aspect=1.00, Match=False
--- [CAPTCHA] Quét Hough Circles (Lần thử 1/3): Found 2 circles ---
  Circle #0: Center=(466,814), Radius=18, GeomOK=False
  Circle #1: Center=(508,742), Radius=16, GeomOK=False
[17:25:46] [WARNING] Không quét đủ vật thể (Blue=(213, 766), Green=None).
[17:25:49] [CAPTCHA] Đang quét tìm khối vuông và đích (Lần thử 2/3)...
--- [CAPTCHA] Quét Blue (Lần thử 2/3): Found 2 contours ---
  Contour #0: Area=3578.5, BBox=[114,759,102,57], Aspect=1.79, Match=False
  Contour #1: Area=791.0, BBox=[202,755,39,22], Aspect=1.77, Match=True
--- [CAPTCHA] Quét Green (Lần thử 2/3): Found 1 contours ---
  Contour #0: Area=0.0, BBox=[504,755,1,1], Aspect=1.00, Match=False
--- [CAPTCHA] Quét Hough Circles (Lần thử 2/3): Found 2 circles ---
  Circle #0: Center=(466,814), Radius=18, GeomOK=False
  Circle #1: Center=(508,742), Radius=16, GeomOK=False
[17:25:49] [WARNING] Không quét đủ vật thể (Blue=(213, 766), Green=None).
[17:25:52] [CAPTCHA] Đang quét tìm khối vuông và đích (Lần thử 3/3)...
--- [CAPTCHA] Quét Blue (Lần thử 3/3): Found 2 contours ---
  Contour #0: Area=3578.5, BBox=[114,759,102,57], Aspect=1.79, Match=False
  Contour #1: Area=791.0, BBox=[202,755,39,22], Aspect=1.77, Match=True
--- [CAPTCHA] Quét Green (Lần thử 3/3): Found 1 contours ---
  Contour #0: Area=0.0, BBox=[504,755,1,1], Aspect=1.00, Match=False
--- [CAPTCHA] Quét Hough Circles (Lần thử 3/3): Found 2 circles ---
  Circle #0: Center=(466,814), Radius=18, GeomOK=False
  Circle #1: Center=(508,742), Radius=16, GeomOK=False
[17:25:52] [WARNING] Không quét đủ vật thể (Blue=(213, 766), Green=None).
[17:25:52] [SUCCESS] Dừng bot.
[17:27:28] [SUCCESS] ==================================================================
[17:27:28] [SUCCESS] 🚀 KHỞI ĐỘNG AUTO-CLICKER GOLIKE HOÀN TOÀN TỰ ĐỘNG (KHÔNG DÙNG AI)
[17:27:28] [SUCCESS] ==================================================================
[17:27:28] [SUCCESS] Đã kết nối thiết bị: dd1d8712
[17:27:28] [WARNING] Thiếu ảnh mẫu: 'templates\nut_dong_quang_cao.png'. Bỏ qua.
[17:27:28] [WARNING] Thiếu ảnh mẫu: 'templates\nut_tiep_tuc.png'. Bỏ qua.
[17:27:28] [INFO] Đã load thành công 14 ảnh mẫu.
[17:27:28] [JOB] --- BẮT ĐẦU VÒNG LẶP JOB MỚI (BƯỚC 1) ---
[17:27:29] [JOB] Vuốt màn hình để tìm nút Nhận Job...
[17:27:32] [JOB] Nhận Job mới (Click 'Bắt đầu kiếm xu ngay')...
[17:27:34] [JOB] --- KIỂM TRA CAPTCHA (BƯỚC 2) ---
[17:27:36] [CAPTCHA] Phát hiện màn hình Captcha Xác minh nhanh! Bắt đầu giải...
[17:27:36] [CAPTCHA] Phát hiện màn hình Captcha Xác minh nhanh!
[17:27:36] [CAPTCHA] Đang quét tìm khối vuông và đích (Lần thử 1/3)...
--- [CAPTCHA] Quét Blue (Lần thử 1/3): Found 1 contours ---
  Contour #0: Area=8269.0, BBox=[114,747,127,69], Aspect=1.84, Match=False
--- [CAPTCHA] HSV Blue thất bại. Chuyển sang quét BGR Fallback (Lần thử 1/3) ---
--- [CAPTCHA] Quét BGR Blue (Lần thử 1/3): Found 7 contours ---
  BGR Contour #0: Area=2238.5, BBox=[137,754,103,47], Aspect=2.19, Match=False
  BGR Contour #1: Area=0.5, BBox=[133,754,2,2], Aspect=1.00, Match=False
  BGR Contour #2: Area=0.0, BBox=[235,799,1,1], Aspect=1.00, Match=False
  BGR Contour #3: Area=0.0, BBox=[206,786,1,1], Aspect=1.00, Match=False
  BGR Contour #4: Area=0.0, BBox=[201,784,1,1], Aspect=1.00, Match=False
  BGR Contour #5: Area=0.0, BBox=[160,767,1,1], Aspect=1.00, Match=False
  BGR Contour #6: Area=0.0, BBox=[130,754,1,1], Aspect=1.00, Match=False
--- [CAPTCHA] Quét Green (Lần thử 1/3): Found 1 contours ---
  Contour #0: Area=0.0, BBox=[504,755,1,1], Aspect=1.00, Match=False
[17:27:36] [WARNING] Không quét đủ vật thể (Blue=None, Green=None).
[17:27:39] [CAPTCHA] Đang quét tìm khối vuông và đích (Lần thử 2/3)...
--- [CAPTCHA] Quét Blue (Lần thử 2/3): Found 1 contours ---
  Contour #0: Area=8269.0, BBox=[114,747,127,69], Aspect=1.84, Match=False
--- [CAPTCHA] HSV Blue thất bại. Chuyển sang quét BGR Fallback (Lần thử 2/3) ---
--- [CAPTCHA] Quét BGR Blue (Lần thử 2/3): Found 7 contours ---
  BGR Contour #0: Area=2238.5, BBox=[137,754,103,47], Aspect=2.19, Match=False
  BGR Contour #1: Area=0.5, BBox=[133,754,2,2], Aspect=1.00, Match=False
  BGR Contour #2: Area=0.0, BBox=[235,799,1,1], Aspect=1.00, Match=False
  BGR Contour #3: Area=0.0, BBox=[206,786,1,1], Aspect=1.00, Match=False
  BGR Contour #4: Area=0.0, BBox=[201,784,1,1], Aspect=1.00, Match=False
  BGR Contour #5: Area=0.0, BBox=[160,767,1,1], Aspect=1.00, Match=False
  BGR Contour #6: Area=0.0, BBox=[130,754,1,1], Aspect=1.00, Match=False
--- [CAPTCHA] Quét Green (Lần thử 2/3): Found 1 contours ---
  Contour #0: Area=0.0, BBox=[504,755,1,1], Aspect=1.00, Match=False
[17:27:39] [WARNING] Không quét đủ vật thể (Blue=None, Green=None).
[17:27:42] [ERROR] Không thể tự động giải Captcha sau 3 lần thử.
[17:27:44] [SUCCESS] Dừng bot.
[17:29:33] [SUCCESS] ==================================================================
[17:29:33] [SUCCESS] 🚀 KHỞI ĐỘNG AUTO-CLICKER GOLIKE HOÀN TOÀN TỰ ĐỘNG (KHÔNG DÙNG AI)
[17:29:33] [SUCCESS] ==================================================================
[17:29:33] [SUCCESS] Đã kết nối thiết bị: dd1d8712
[17:29:33] [WARNING] Thiếu ảnh mẫu: 'templates\nut_dong_quang_cao.png'. Bỏ qua.
[17:29:33] [WARNING] Thiếu ảnh mẫu: 'templates\nut_tiep_tuc.png'. Bỏ qua.
[17:29:33] [INFO] Đã load thành công 14 ảnh mẫu.
[17:29:33] [JOB] --- BẮT ĐẦU VÒNG LẶP JOB MỚI (BƯỚC 1) ---
[17:29:35] [JOB] Vuốt màn hình để tìm nút Nhận Job...
[17:29:38] [JOB] Nhận Job mới (Click 'Bắt đầu kiếm xu ngay')...
[17:29:40] [JOB] --- KIỂM TRA CAPTCHA (BƯỚC 2) ---
[17:29:42] [JOB] Không phát hiện Captcha. Bỏ qua.
[17:29:42] [JOB] --- LÀM JOB TIKTOK (BƯỚC 3) ---
[17:29:43] [TIKTOK] Bấm nút mở app TikTok...
[17:29:53] [TIKTOK] Bấm Follow TikTok tại (164, 477)
[17:29:54] [INFO] Vuốt tìm nút Hoàn thành...
[17:30:03] [SUCCESS] Dừng bot.
[17:31:40] [SUCCESS] ==================================================================
[17:31:40] [SUCCESS] 🚀 KHỞI ĐỘNG AUTO-CLICKER GOLIKE HOÀN TOÀN TỰ ĐỘNG (KHÔNG DÙNG AI)
[17:31:40] [SUCCESS] ==================================================================
[17:31:40] [SUCCESS] Đã kết nối thiết bị: dd1d8712
[17:31:40] [WARNING] Thiếu ảnh mẫu: 'templates\nut_dong_quang_cao.png'. Bỏ qua.
[17:31:40] [WARNING] Thiếu ảnh mẫu: 'templates\nut_tiep_tuc.png'. Bỏ qua.
[17:31:40] [INFO] Đã load thành công 14 ảnh mẫu.
[17:31:40] [JOB] --- BẮT ĐẦU VÒNG LẶP JOB MỚI (BƯỚC 1) ---
[17:31:41] [JOB] Vuốt màn hình để tìm nút Nhận Job...
[17:31:44] [JOB] Nhận Job mới (Click 'Bắt đầu kiếm xu ngay')...
[17:31:47] [JOB] --- KIỂM TRA CAPTCHA (BƯỚC 2) ---
[17:31:48] [JOB] Không phát hiện Captcha. Bỏ qua.
[17:31:48] [JOB] --- LÀM JOB TIKTOK (BƯỚC 3) ---
[17:31:50] [TIKTOK] Bấm nút mở app TikTok...
[17:32:07] [TIKTOK] Bấm Follow TikTok tại (164, 439)
[17:32:09] [JOB] [TIKTOK] Đã hoàn thành tương tác trên TikTok. Chuẩn bị click Hoàn thành...
[17:32:14] [JOB] Bấm Hoàn thành...
[17:32:19] [INFO] Bấm OK nhận kết quả Job...
[17:32:20] [SUCCESS] Đã hoàn thành thành công 1 job!
[17:32:21] [JOB] --- BẮT ĐẦU VÒNG LẶP JOB MỚI (BƯỚC 1) ---
[17:32:22] [JOB] Vuốt màn hình để tìm nút Nhận Job...
[17:32:25] [JOB] Nhận Job mới (Click 'Bắt đầu kiếm xu ngay')...
[17:32:27] [JOB] --- KIỂM TRA CAPTCHA (BƯỚC 2) ---
[17:32:29] [JOB] Không phát hiện Captcha. Bỏ qua.
[17:32:29] [JOB] --- LÀM JOB TIKTOK (BƯỚC 3) ---
[17:32:30] [TIKTOK] Bấm nút mở app TikTok...
[17:32:39] [TIKTOK] Bấm Follow TikTok tại (164, 439)
[17:32:41] [JOB] [TIKTOK] Đã hoàn thành tương tác trên TikTok. Chuẩn bị click Hoàn thành...
[17:32:43] [JOB] Bấm Hoàn thành...
[17:32:49] [INFO] Bấm OK nhận kết quả Job...
[17:32:49] [SUCCESS] Đã hoàn thành thành công 2 job!
[17:32:51] [JOB] --- BẮT ĐẦU VÒNG LẶP JOB MỚI (BƯỚC 1) ---
[17:32:52] [JOB] Vuốt màn hình để tìm nút Nhận Job...
[17:32:55] [JOB] Nhận Job mới (Click 'Bắt đầu kiếm xu ngay')...
[17:32:57] [JOB] --- KIỂM TRA CAPTCHA (BƯỚC 2) ---
[17:32:59] [JOB] Không phát hiện Captcha. Bỏ qua.
[17:32:59] [JOB] --- LÀM JOB TIKTOK (BƯỚC 3) ---
[17:33:00] [TIKTOK] Bấm nút mở app TikTok...
[17:33:12] [TIKTOK] Bấm Follow TikTok tại (164, 475)
[17:33:14] [JOB] [TIKTOK] Đã hoàn thành tương tác trên TikTok. Chuẩn bị click Hoàn thành...
[17:33:19] [JOB] Bấm Hoàn thành...
[17:33:24] [INFO] Bấm OK nhận kết quả Job...
[17:33:25] [SUCCESS] Đã hoàn thành thành công 3 job!
[17:33:26] [JOB] --- BẮT ĐẦU VÒNG LẶP JOB MỚI (BƯỚC 1) ---
[17:33:27] [JOB] Vuốt màn hình để tìm nút Nhận Job...
[17:33:31] [JOB] Nhận Job mới (Click 'Bắt đầu kiếm xu ngay')...
[17:33:33] [JOB] --- KIỂM TRA CAPTCHA (BƯỚC 2) ---
[17:33:35] [JOB] Không phát hiện Captcha. Bỏ qua.
[17:33:35] [JOB] --- LÀM JOB TIKTOK (BƯỚC 3) ---
[17:33:37] [TIKTOK] Bấm nút mở app TikTok...
[17:33:46] [TIKTOK] Bấm Follow TikTok tại (164, 439)
[17:33:48] [JOB] [TIKTOK] Đã hoàn thành tương tác trên TikTok. Chuẩn bị click Hoàn thành...
[17:33:51] [JOB] Bấm Hoàn thành...
[17:33:56] [INFO] Bấm OK nhận kết quả Job...
[17:33:56] [SUCCESS] Đã hoàn thành thành công 4 job!
[17:33:57] [JOB] --- BẮT ĐẦU VÒNG LẶP JOB MỚI (BƯỚC 1) ---
[17:33:59] [JOB] Vuốt màn hình để tìm nút Nhận Job...
[17:34:02] [JOB] Nhận Job mới (Click 'Bắt đầu kiếm xu ngay')...
[17:34:04] [JOB] --- KIỂM TRA CAPTCHA (BƯỚC 2) ---
[17:34:05] [CAPTCHA] Phát hiện màn hình Captcha Xác minh nhanh! Bắt đầu giải...
[17:34:05] [CAPTCHA] Phát hiện màn hình Captcha Xác minh nhanh!
[17:34:05] [CAPTCHA] Đang quét tìm khối vuông và đích (Lần thử 1/3)...
--- [CAPTCHA] Quét Blue (Lần thử 1/3): Found 1 contours ---
  Contour #0: Area=8487.0, BBox=[114,774,127,69], Aspect=1.84, Match=False
--- [CAPTCHA] HSV Blue thất bại. Chuyển sang quét BGR Fallback (Lần thử 1/3) ---
--- [CAPTCHA] Quét BGR Blue (Lần thử 1/3): Found 0 contours ---
--- [CAPTCHA] Quét Green (Lần thử 1/3): Found 0 contours ---
[17:34:05] [WARNING] Không quét đủ vật thể (Blue=None, Green=None).
[17:34:08] [CAPTCHA] Đang quét tìm khối vuông và đích (Lần thử 2/3)...
--- [CAPTCHA] Quét Blue (Lần thử 2/3): Found 1 contours ---
  Contour #0: Area=8487.0, BBox=[114,774,127,69], Aspect=1.84, Match=False
--- [CAPTCHA] HSV Blue thất bại. Chuyển sang quét BGR Fallback (Lần thử 2/3) ---
--- [CAPTCHA] Quét BGR Blue (Lần thử 2/3): Found 0 contours ---
--- [CAPTCHA] Quét Green (Lần thử 2/3): Found 0 contours ---
[17:34:08] [WARNING] Không quét đủ vật thể (Blue=None, Green=None).
[17:34:10] [ERROR] Không thể tự động giải Captcha sau 3 lần thử.
[17:34:14] [CAPTCHA] Phát hiện màn hình Captcha Xác minh nhanh!
[17:34:14] [CAPTCHA] Đang quét tìm khối vuông và đích (Lần thử 1/3)...
--- [CAPTCHA] Quét Blue (Lần thử 1/3): Found 1 contours ---
  Contour #0: Area=8487.0, BBox=[114,774,127,69], Aspect=1.84, Match=False
--- [CAPTCHA] HSV Blue thất bại. Chuyển sang quét BGR Fallback (Lần thử 1/3) ---
--- [CAPTCHA] Quét BGR Blue (Lần thử 1/3): Found 0 contours ---
--- [CAPTCHA] Quét Green (Lần thử 1/3): Found 0 contours ---
[17:34:14] [WARNING] Không quét đủ vật thể (Blue=None, Green=None).
[17:34:17] [CAPTCHA] Đang quét tìm khối vuông và đích (Lần thử 2/3)...
--- [CAPTCHA] Quét Blue (Lần thử 2/3): Found 1 contours ---
  Contour #0: Area=8487.0, BBox=[114,774,127,69], Aspect=1.84, Match=False
--- [CAPTCHA] HSV Blue thất bại. Chuyển sang quét BGR Fallback (Lần thử 2/3) ---
--- [CAPTCHA] Quét BGR Blue (Lần thử 2/3): Found 0 contours ---
--- [CAPTCHA] Quét Green (Lần thử 2/3): Found 0 contours ---
[17:34:17] [WARNING] Không quét đủ vật thể (Blue=None, Green=None).
[17:34:18] [SUCCESS] Dừng bot.
[17:39:08] [SUCCESS] ==================================================================
[17:39:08] [SUCCESS] 🚀 KHỞI ĐỘNG AUTO-CLICKER GOLIKE HOÀN TOÀN TỰ ĐỘNG (KHÔNG DÙNG AI)
[17:39:08] [SUCCESS] ==================================================================
[17:39:08] [SUCCESS] Đã kết nối thiết bị: dd1d8712
[17:39:08] [WARNING] Thiếu ảnh mẫu: 'templates\nut_dong_quang_cao.png'. Bỏ qua.
[17:39:08] [WARNING] Thiếu ảnh mẫu: 'templates\nut_tiep_tuc.png'. Bỏ qua.
[17:39:08] [INFO] Đã load thành công 14 ảnh mẫu.
[17:39:08] [JOB] --- BẮT ĐẦU VÒNG LẶP JOB MỚI (BƯỚC 1) ---
[17:39:10] [JOB] Vuốt màn hình để tìm nút Nhận Job...
[17:39:14] [JOB] Nhận Job mới (Click 'Bắt đầu kiếm xu ngay')...
[17:39:16] [JOB] --- KIỂM TRA CAPTCHA (BƯỚC 2) ---
[17:39:17] [CAPTCHA] Phát hiện màn hình Captcha Xác minh nhanh! Bắt đầu giải...
[17:39:17] [CAPTCHA] Phát hiện màn hình Captcha Xác minh nhanh!
[17:39:17] [CAPTCHA] Đang quét tìm khối vuông và đích (Lần thử 1/3)...
--- [CAPTCHA] Quét Blue (Lần thử 1/3): Found 1 contours ---
  Contour #0: Area=8487.0, BBox=[114,774,127,69], Aspect=1.84, Match=False
--- [CAPTCHA] HSV Blue thất bại. Chuyển sang quét BGR Fallback (Lần thử 1/3) ---
--- [CAPTCHA] Quét BGR Blue (Lần thử 1/3): Found 0 contours ---
--- [CAPTCHA] Quét Green (Lần thử 1/3): Found 0 contours ---
[17:39:17] [WARNING] Không quét đủ vật thể (Blue=None, Green=None).
[17:39:20] [CAPTCHA] Đang quét tìm khối vuông và đích (Lần thử 2/3)...
--- [CAPTCHA] Quét Blue (Lần thử 2/3): Found 1 contours ---
  Contour #0: Area=8487.0, BBox=[114,774,127,69], Aspect=1.84, Match=False
--- [CAPTCHA] HSV Blue thất bại. Chuyển sang quét BGR Fallback (Lần thử 2/3) ---
--- [CAPTCHA] Quét BGR Blue (Lần thử 2/3): Found 0 contours ---
--- [CAPTCHA] Quét Green (Lần thử 2/3): Found 0 contours ---
[17:39:20] [WARNING] Không quét đủ vật thể (Blue=None, Green=None).
[17:39:23] [ERROR] Không thể tự động giải Captcha sau 3 lần thử.
[17:39:25] [SUCCESS] Dừng bot.
[17:51:10] [SUCCESS] ==================================================================
[17:51:10] [SUCCESS] 🚀 KHỞI ĐỘNG AUTO-CLICKER GOLIKE HOÀN TOÀN TỰ ĐỘNG (KHÔNG DÙNG AI)
[17:51:10] [SUCCESS] ==================================================================
[17:51:11] [SUCCESS] Đã kết nối thiết bị: dd1d8712
[17:51:11] [WARNING] Thiếu ảnh mẫu: 'templates\nut_dong_quang_cao.png'. Bỏ qua.
[17:51:11] [WARNING] Thiếu ảnh mẫu: 'templates\nut_tiep_tuc.png'. Bỏ qua.
[17:51:11] [INFO] Đã load thành công 14 ảnh mẫu.
[17:51:11] [JOB] --- BẮT ĐẦU VÒNG LẶP JOB MỚI (BƯỚC 1) ---
[17:51:12] [JOB] Vuốt màn hình để tìm nút Nhận Job...
[17:51:16] [JOB] Nhận Job mới (Click 'Bắt đầu kiếm xu ngay')...
[17:51:18] [JOB] --- KIỂM TRA CAPTCHA (BƯỚC 2) ---
[17:51:19] [CAPTCHA] Phát hiện màn hình Captcha Xác minh nhanh! Bắt đầu giải...
[17:51:19] [CAPTCHA] Phát hiện màn hình Captcha Xác minh nhanh!
[17:51:19] [CAPTCHA] Đang quét tìm khối vuông và đích (Lần thử 1/3)...
[17:51:19] [CAPTCHA] Tâm phát hiện: Blue(130,962) -> Nét đứt(357,821) -> Đích(585,1056)
[17:51:24] [WARNING] Captcha vẫn xuất hiện. Kéo thả thất bại.
[17:51:24] [CAPTCHA] Đang quét tìm khối vuông và đích (Lần thử 2/3)...
[17:51:24] [CAPTCHA] Tâm phát hiện: Blue(130,962) -> Nét đứt(357,821) -> Đích(585,1056)
[17:51:28] [SUCCESS] Dừng bot.
[17:56:24] [SUCCESS] ==================================================================
[17:56:24] [SUCCESS] 🚀 KHỞI ĐỘNG AUTO-CLICKER GOLIKE HOÀN TOÀN TỰ ĐỘNG (KHÔNG DÙNG AI)
[17:56:24] [SUCCESS] ==================================================================
[17:56:24] [SUCCESS] Đã kết nối thiết bị: dd1d8712
[17:56:24] [WARNING] Thiếu ảnh mẫu: 'templates\nut_dong_quang_cao.png'. Bỏ qua.
[17:56:24] [WARNING] Thiếu ảnh mẫu: 'templates\nut_tiep_tuc.png'. Bỏ qua.
[17:56:24] [INFO] Đã load thành công 14 ảnh mẫu.
[17:56:24] [JOB] --- BẮT ĐẦU VÒNG LẶP JOB MỚI (BƯỚC 1) ---
[17:56:26] [JOB] Vuốt màn hình để tìm nút Nhận Job...
[17:56:29] [JOB] Nhận Job mới (Click 'Bắt đầu kiếm xu ngay')...
[17:56:31] [JOB] --- KIỂM TRA CAPTCHA (BƯỚC 2) ---
[17:56:32] [CAPTCHA] Phát hiện màn hình Captcha Xác minh nhanh! Bắt đầu giải...
[17:56:32] [CAPTCHA] Phát hiện màn hình Captcha Xác minh nhanh!
[17:56:32] [CAPTCHA] Đang quét tìm khối vuông và đích (Lần thử 1/3)...
[17:56:32] [CAPTCHA] Tâm phát hiện: Blue(130,962) -> Nét đứt(357,821) -> Đích(585,1056)
[17:56:45] [WARNING] Captcha vẫn xuất hiện. Kéo thả thất bại.
[17:56:45] [CAPTCHA] Đang quét tìm khối vuông và đích (Lần thử 2/3)...
[17:56:45] [CAPTCHA] Tâm phát hiện: Blue(130,962) -> Nét đứt(357,821) -> Đích(585,1056)
[17:56:47] [SUCCESS] Dừng bot.
[18:03:26] [SUCCESS] ==================================================================
[18:03:26] [SUCCESS] 🚀 KHỞI ĐỘNG AUTO-CLICKER GOLIKE HOÀN TOÀN TỰ ĐỘNG (KHÔNG DÙNG AI)
[18:03:26] [SUCCESS] ==================================================================
[18:03:26] [SUCCESS] Đã kết nối thiết bị: dd1d8712
[18:03:26] [WARNING] Thiếu ảnh mẫu: 'templates\nut_dong_quang_cao.png'. Bỏ qua.
[18:03:26] [WARNING] Thiếu ảnh mẫu: 'templates\nut_tiep_tuc.png'. Bỏ qua.
[18:03:26] [INFO] Đã load thành công 14 ảnh mẫu.
[18:03:26] [JOB] --- BẮT ĐẦU VÒNG LẶP JOB MỚI (BƯỚC 1) ---
[18:03:28] [JOB] Vuốt màn hình để tìm nút Nhận Job...
[18:03:31] [JOB] Nhận Job mới (Click 'Bắt đầu kiếm xu ngay')...
[18:03:34] [JOB] --- KIỂM TRA CAPTCHA (BƯỚC 2) ---
[18:03:34] [CAPTCHA] Phát hiện màn hình Captcha Xác minh nhanh! Bắt đầu giải...
[18:03:34] [CAPTCHA] Phát hiện màn hình Captcha Xác minh nhanh!
[18:03:34] [CAPTCHA] Đang quét tìm khối vuông và đích (Lần thử 1/3)...
[18:03:35] [CAPTCHA] Tâm phát hiện: Blue(136,981) -> Nét đứt(356,941) -> Đích(576,901)
[18:03:42] [WARNING] Captcha vẫn xuất hiện. Kéo thả thất bại.
[18:03:42] [CAPTCHA] Đang quét tìm khối vuông và đích (Lần thử 2/3)...
[18:03:42] [CAPTCHA] Tâm phát hiện: Blue(136,981) -> Nét đứt(356,941) -> Đích(576,901)
[18:03:48] [SUCCESS] Dừng bot.
[18:06:17] [SUCCESS] ==================================================================
[18:06:17] [SUCCESS] 🚀 KHỞI ĐỘNG AUTO-CLICKER GOLIKE HOÀN TOÀN TỰ ĐỘNG (KHÔNG DÙNG AI)
[18:06:17] [SUCCESS] ==================================================================
[18:06:17] [SUCCESS] Đã kết nối thiết bị: dd1d8712
[18:06:17] [WARNING] Thiếu ảnh mẫu: 'templates\nut_dong_quang_cao.png'. Bỏ qua.
[18:06:17] [WARNING] Thiếu ảnh mẫu: 'templates\nut_tiep_tuc.png'. Bỏ qua.
[18:06:17] [INFO] Đã load thành công 14 ảnh mẫu.
[18:06:17] [JOB] --- BẮT ĐẦU VÒNG LẶP JOB MỚI (BƯỚC 1) ---
[18:06:21] [JOB] Vuốt màn hình để tìm nút Nhận Job...
[18:06:24] [JOB] Nhận Job mới (Click 'Bắt đầu kiếm xu ngay')...
[18:06:26] [JOB] --- KIỂM TRA CAPTCHA (BƯỚC 2) ---
[18:06:28] [JOB] Không phát hiện Captcha. Bỏ qua.
[18:06:28] [JOB] --- LÀM JOB TIKTOK (BƯỚC 3) ---
[18:06:30] [TIKTOK] Bấm nút mở app TikTok...
[18:06:39] [TIKTOK] Bấm Follow TikTok tại (164, 439)
[18:06:41] [JOB] [TIKTOK] Đã hoàn thành tương tác trên TikTok. Chuẩn bị click Hoàn thành...
[18:06:44] [JOB] Bấm Hoàn thành...
[18:06:49] [INFO] Bấm OK nhận kết quả Job...
[18:06:50] [SUCCESS] Đã hoàn thành thành công 1 job!
[18:06:51] [JOB] --- BẮT ĐẦU VÒNG LẶP JOB MỚI (BƯỚC 1) ---
[18:06:52] [JOB] Vuốt màn hình để tìm nút Nhận Job...
[18:06:55] [JOB] Nhận Job mới (Click 'Bắt đầu kiếm xu ngay')...
[18:06:57] [JOB] --- KIỂM TRA CAPTCHA (BƯỚC 2) ---
[18:06:59] [JOB] Không phát hiện Captcha. Bỏ qua.
[18:06:59] [JOB] --- LÀM JOB TIKTOK (BƯỚC 3) ---
[18:07:00] [TIKTOK] Bấm nút mở app TikTok...
[18:07:10] [TIKTOK] Bấm Follow TikTok tại (164, 439)
[18:07:12] [JOB] [TIKTOK] Đã hoàn thành tương tác trên TikTok. Chuẩn bị click Hoàn thành...
[18:07:13] [JOB] Bấm Hoàn thành...
[18:07:18] [INFO] Bấm OK nhận kết quả Job...
[18:07:19] [SUCCESS] Đã hoàn thành thành công 2 job!
[18:07:20] [JOB] --- BẮT ĐẦU VÒNG LẶP JOB MỚI (BƯỚC 1) ---
[18:07:21] [JOB] Vuốt màn hình để tìm nút Nhận Job...
[18:07:24] [JOB] Nhận Job mới (Click 'Bắt đầu kiếm xu ngay')...
[18:07:26] [JOB] --- KIỂM TRA CAPTCHA (BƯỚC 2) ---
[18:07:28] [JOB] Không phát hiện Captcha. Bỏ qua.
[18:07:28] [JOB] --- LÀM JOB TIKTOK (BƯỚC 3) ---
[18:07:29] [TIKTOK] Bấm nút mở app TikTok...
[18:07:40] [TIKTOK] Bấm Follow TikTok tại (164, 439)
[18:07:42] [JOB] [TIKTOK] Đã hoàn thành tương tác trên TikTok. Chuẩn bị click Hoàn thành...
[18:07:46] [JOB] Bấm Hoàn thành...
[18:07:50] [INFO] Bấm OK nhận kết quả Job...
[18:07:50] [SUCCESS] Đã hoàn thành thành công 3 job!
[18:07:51] [JOB] --- BẮT ĐẦU VÒNG LẶP JOB MỚI (BƯỚC 1) ---
[18:07:52] [JOB] Vuốt màn hình để tìm nút Nhận Job...
[18:07:55] [JOB] Nhận Job mới (Click 'Bắt đầu kiếm xu ngay')...
[18:07:57] [JOB] --- KIỂM TRA CAPTCHA (BƯỚC 2) ---
[18:08:01] [JOB] Không phát hiện Captcha. Bỏ qua.
[18:08:01] [JOB] --- LÀM JOB TIKTOK (BƯỚC 3) ---
[18:08:04] [TIKTOK] Bấm nút mở app TikTok...
[18:08:14] [TIKTOK] Bấm Follow TikTok tại (164, 439)
[18:08:15] [JOB] [TIKTOK] Đã hoàn thành tương tác trên TikTok. Chuẩn bị click Hoàn thành...
[18:08:18] [JOB] Bấm Hoàn thành...
[18:08:23] [INFO] Bấm OK nhận kết quả Job...
[18:08:23] [SUCCESS] Đã hoàn thành thành công 4 job!
[18:08:24] [JOB] --- BẮT ĐẦU VÒNG LẶP JOB MỚI (BƯỚC 1) ---
[18:08:26] [JOB] Vuốt màn hình để tìm nút Nhận Job...
[18:08:29] [JOB] Nhận Job mới (Click 'Bắt đầu kiếm xu ngay')...
[18:08:31] [JOB] --- KIỂM TRA CAPTCHA (BƯỚC 2) ---
[18:08:32] [JOB] Không phát hiện Captcha. Bỏ qua.
[18:08:32] [JOB] --- LÀM JOB TIKTOK (BƯỚC 3) ---
[18:08:33] [TIKTOK] Bấm nút mở app TikTok...
[18:08:45] [TIKTOK] (Relative Anchoring) Bấm tim dựa trên mốc Follow avatar tại (164, 519)
[18:08:47] [JOB] [TIKTOK] Đã hoàn thành tương tác trên TikTok. Chuẩn bị click Hoàn thành...
[18:08:51] [JOB] Bấm Hoàn thành...
[18:09:02] [SUCCESS] Dừng bot.
[07:05:03] [SUCCESS] ==================================================================
[07:05:03] [SUCCESS] 🚀 KHỞI ĐỘNG AUTO-CLICKER GOLIKE HOÀN TOÀN TỰ ĐỘNG (KHÔNG DÙNG AI)
[07:05:03] [SUCCESS] ==================================================================
[07:05:03] [SUCCESS] Đã kết nối thiết bị: dd1d8712
[07:05:03] [WARNING] Thiếu ảnh mẫu: 'templates\nut_dong_quang_cao.png'. Bỏ qua.
[07:05:03] [WARNING] Thiếu ảnh mẫu: 'templates\nut_tiep_tuc.png'. Bỏ qua.
[07:05:03] [INFO] Đã load thành công 14 ảnh mẫu.
[07:05:03] [JOB] --- BẮT ĐẦU VÒNG LẶP JOB MỚI (BƯỚC 1) ---
[07:05:05] [JOB] Vuốt màn hình để tìm nút Nhận Job...
[07:05:08] [JOB] Nhận Job mới (Click 'Bắt đầu kiếm xu ngay')...
[07:05:10] [JOB] --- KIỂM TRA CAPTCHA (BƯỚC 2) ---
[07:05:12] [CAPTCHA] Phát hiện màn hình Captcha Xác minh nhanh! Bắt đầu giải...
[07:05:12] [CAPTCHA] Phát hiện màn hình Captcha Xác minh nhanh!
[07:05:12] [CAPTCHA] Đang quét tìm khối vuông và đích (Lần thử 1/3)...
[07:05:12] [CAPTCHA] Tâm phát hiện: Blue(146,976) -> Nét đứt(366,816) -> Đích(586,976)
[07:05:19] [SUCCESS] Dừng bot.
[07:05:32] [SUCCESS] ==================================================================
[07:05:32] [SUCCESS] 🚀 KHỞI ĐỘNG AUTO-CLICKER GOLIKE HOÀN TOÀN TỰ ĐỘNG (KHÔNG DÙNG AI)
[07:05:32] [SUCCESS] ==================================================================
[07:05:32] [SUCCESS] Đã kết nối thiết bị: dd1d8712
[07:05:32] [WARNING] Thiếu ảnh mẫu: 'templates\nut_dong_quang_cao.png'. Bỏ qua.
[07:05:32] [WARNING] Thiếu ảnh mẫu: 'templates\nut_tiep_tuc.png'. Bỏ qua.
[07:05:32] [INFO] Đã load thành công 14 ảnh mẫu.
[07:05:32] [JOB] --- BẮT ĐẦU VÒNG LẶP JOB MỚI (BƯỚC 1) ---
[07:05:33] [JOB] Vuốt màn hình để tìm nút Nhận Job...
[07:05:37] [JOB] Nhận Job mới (Click 'Bắt đầu kiếm xu ngay')...
[07:05:39] [JOB] --- KIỂM TRA CAPTCHA (BƯỚC 2) ---
[07:05:41] [CAPTCHA] Phát hiện màn hình Captcha Xác minh nhanh! Bắt đầu giải...
[07:05:41] [CAPTCHA] Phát hiện màn hình Captcha Xác minh nhanh!
[07:05:41] [CAPTCHA] Đang quét tìm khối vuông và đích (Lần thử 1/3)...
[07:05:41] [CAPTCHA] Tâm phát hiện: Blue(150,973) -> Nét đứt(370,893) -> Đích(590,813)
[07:05:49] [WARNING] Captcha vẫn xuất hiện. Kéo thả thất bại.
[07:05:49] [CAPTCHA] Đang quét tìm khối vuông và đích (Lần thử 2/3)...
[07:05:49] [CAPTCHA] Tâm phát hiện: Blue(150,973) -> Nét đứt(370,893) -> Đích(590,813)
[07:05:54] [SUCCESS] Dừng bot.
[07:08:11] [SUCCESS] ==================================================================
[07:08:11] [SUCCESS] 🚀 KHỞI ĐỘNG AUTO-CLICKER GOLIKE HOÀN TOÀN TỰ ĐỘNG (KHÔNG DÙNG AI)
[07:08:11] [SUCCESS] ==================================================================
[07:08:11] [SUCCESS] Đã kết nối thiết bị: dd1d8712
[07:08:11] [WARNING] Thiếu ảnh mẫu: 'templates\nut_dong_quang_cao.png'. Bỏ qua.
[07:08:11] [WARNING] Thiếu ảnh mẫu: 'templates\nut_tiep_tuc.png'. Bỏ qua.
[07:08:11] [INFO] Đã load thành công 14 ảnh mẫu.
[07:08:11] [JOB] --- BẮT ĐẦU VÒNG LẶP JOB MỚI (BƯỚC 1) ---
[07:08:13] [JOB] Vuốt màn hình để tìm nút Nhận Job...
[07:08:17] [JOB] Nhận Job mới (Click 'Bắt đầu kiếm xu ngay')...
[07:08:19] [JOB] --- KIỂM TRA CAPTCHA (BƯỚC 2) ---
[07:08:20] [CAPTCHA] Phát hiện màn hình Captcha Xác minh nhanh! Bắt đầu giải...
[07:08:20] [CAPTCHA] Phát hiện màn hình Captcha Xác minh nhanh!
[07:08:20] [CAPTCHA] Đang quét tìm khối vuông và đích (Lần thử 1/3)...
[07:08:20] [CAPTCHA] Tâm phát hiện: Blue(150,973) -> Nét đứt(370,893) -> Đích(590,813)
[07:08:26] [WARNING] Captcha vẫn xuất hiện. Kéo thả thất bại.
[07:08:26] [CAPTCHA] Đang quét tìm khối vuông và đích (Lần thử 2/3)...
[07:08:26] [CAPTCHA] Tâm phát hiện: Blue(150,973) -> Nét đứt(370,893) -> Đích(590,813)
[07:08:31] [WARNING] Captcha vẫn xuất hiện. Kéo thả thất bại.
[07:08:31] [CAPTCHA] Đang quét tìm khối vuông và đích (Lần thử 3/3)...
[07:08:32] [CAPTCHA] Tâm phát hiện: Blue(150,973) -> Nét đứt(370,893) -> Đích(590,813)
[07:08:34] [SUCCESS] Dừng bot.
[07:11:46] [SUCCESS] ==================================================================
[07:11:46] [SUCCESS] 🚀 KHỞI ĐỘNG AUTO-CLICKER GOLIKE HOÀN TOÀN TỰ ĐỘNG (KHÔNG DÙNG AI)
[07:11:46] [SUCCESS] ==================================================================
[07:11:46] [SUCCESS] Đã kết nối thiết bị: dd1d8712
[07:11:46] [WARNING] Thiếu ảnh mẫu: 'templates\nut_dong_quang_cao.png'. Bỏ qua.
[07:11:46] [WARNING] Thiếu ảnh mẫu: 'templates\nut_tiep_tuc.png'. Bỏ qua.
[07:11:46] [INFO] Đã load thành công 14 ảnh mẫu.
[07:11:46] [JOB] --- BẮT ĐẦU VÒNG LẶP JOB MỚI (BƯỚC 1) ---
[07:11:48] [JOB] Vuốt màn hình để tìm nút Nhận Job...
[07:11:51] [JOB] Nhận Job mới (Click 'Bắt đầu kiếm xu ngay')...
[07:11:53] [JOB] --- KIỂM TRA CAPTCHA (BƯỚC 2) ---
[07:11:55] [CAPTCHA] Phát hiện màn hình Captcha Xác minh nhanh! Bắt đầu giải...
[07:11:55] [CAPTCHA] Phát hiện màn hình Captcha Xác minh nhanh!
[07:11:55] [CAPTCHA] Đang quét tìm khối vuông và đích (Lần thử 1/3)...
[07:11:55] [CAPTCHA] Tâm phát hiện: Blue(150,973) -> Nét đứt(370,813) -> Đích(590,973)
[07:12:00] [WARNING] Captcha vẫn xuất hiện. Kéo thả thất bại.
[07:12:00] [CAPTCHA] Đang quét tìm khối vuông và đích (Lần thử 2/3)...
[07:12:01] [CAPTCHA] Tâm phát hiện: Blue(150,973) -> Nét đứt(370,813) -> Đích(590,973)
[07:12:02] [SUCCESS] Dừng bot.
[07:14:37] [SUCCESS] ==================================================================
[07:14:37] [SUCCESS] 🚀 KHỞI ĐỘNG AUTO-CLICKER GOLIKE HOÀN TOÀN TỰ ĐỘNG (KHÔNG DÙNG AI)
[07:14:37] [SUCCESS] ==================================================================
[07:14:37] [SUCCESS] Đã kết nối thiết bị: dd1d8712
[07:14:37] [WARNING] Thiếu ảnh mẫu: 'templates\nut_dong_quang_cao.png'. Bỏ qua.
[07:14:37] [WARNING] Thiếu ảnh mẫu: 'templates\nut_tiep_tuc.png'. Bỏ qua.
[07:14:37] [INFO] Đã load thành công 14 ảnh mẫu.
[07:14:37] [JOB] --- BẮT ĐẦU VÒNG LẶP JOB MỚI (BƯỚC 1) ---
[07:14:40] [JOB] Vuốt màn hình để tìm nút Nhận Job...
[07:14:46] [JOB] Nhận Job mới (Click 'Bắt đầu kiếm xu ngay')...
[07:14:48] [JOB] --- KIỂM TRA CAPTCHA (BƯỚC 2) ---
[07:14:50] [CAPTCHA] Phát hiện màn hình Captcha Xác minh nhanh! Bắt đầu giải...
[07:14:50] [CAPTCHA] Phát hiện màn hình Captcha Xác minh nhanh!
[07:14:50] [CAPTCHA] Đang quét tìm khối vuông và đích (Lần thử 1/3)...
[07:14:50] [CAPTCHA] Tâm phát hiện: Blue(150,973) -> Nét đứt(370,813) -> Đích(590,973)
[07:14:56] [WARNING] Captcha vẫn xuất hiện. Kéo thả thất bại.
[07:14:56] [CAPTCHA] Đang quét tìm khối vuông và đích (Lần thử 2/3)...
[07:14:56] [CAPTCHA] Tâm phát hiện: Blue(150,973) -> Nét đứt(370,813) -> Đích(590,973)
[07:15:01] [WARNING] Captcha vẫn xuất hiện. Kéo thả thất bại.
[07:15:01] [CAPTCHA] Đang quét tìm khối vuông và đích (Lần thử 3/3)...
[07:15:02] [CAPTCHA] Tâm phát hiện: Blue(150,973) -> Nét đứt(370,813) -> Đích(590,973)
[07:15:04] [SUCCESS] Dừng bot.
[07:17:12] [SUCCESS] ==================================================================
[07:17:12] [SUCCESS] 🚀 KHỞI ĐỘNG AUTO-CLICKER GOLIKE HOÀN TOÀN TỰ ĐỘNG (KHÔNG DÙNG AI)
[07:17:12] [SUCCESS] ==================================================================
[07:17:12] [SUCCESS] Đã kết nối thiết bị: dd1d8712
[07:17:12] [WARNING] Thiếu ảnh mẫu: 'templates\nut_dong_quang_cao.png'. Bỏ qua.
[07:17:12] [WARNING] Thiếu ảnh mẫu: 'templates\nut_tiep_tuc.png'. Bỏ qua.
[07:17:12] [INFO] Đã load thành công 14 ảnh mẫu.
[07:17:12] [JOB] --- BẮT ĐẦU VÒNG LẶP JOB MỚI (BƯỚC 1) ---
[07:17:15] [JOB] Vuốt màn hình để tìm nút Nhận Job...
[07:17:19] [JOB] Nhận Job mới (Click 'Bắt đầu kiếm xu ngay')...
[07:17:21] [JOB] --- KIỂM TRA CAPTCHA (BƯỚC 2) ---
[07:17:23] [CAPTCHA] Phát hiện màn hình Captcha Xác minh nhanh! Bắt đầu giải...
[07:17:23] [CAPTCHA] Phát hiện màn hình Captcha Xác minh nhanh!
[07:17:23] [CAPTCHA] Đang quét tìm khối vuông và đích (Lần thử 1/3)...
[07:17:23] [CAPTCHA] === DEBUG CAPTCHA ===
[07:17:23] [CAPTCHA] ROI quét: Y=[763, 1063], X=[84, 604]
[07:17:23] [CAPTCHA] Mốc tiêu đề (tx, ty): (114, 713)
[07:17:23] [CAPTCHA] Khối xanh phát hiện: Blue(150,973) [y_offset=260]
[07:17:23] [CAPTCHA] Vòng tròn đích: Đích(590,973) [y_offset=260]
[07:17:23] [CAPTCHA] Nét đứt Waypoint: Nét đứt(370,893)
[07:17:26] [CAPTCHA] Đã thực thi kéo thả Bézier 3.5s qua adb.
[07:17:32] [WARNING] Captcha vẫn xuất hiện. Kéo thả thất bại.
[07:17:32] [CAPTCHA] Đang quét tìm khối vuông và đích (Lần thử 2/3)...
[07:17:32] [CAPTCHA] === DEBUG CAPTCHA ===
[07:17:32] [CAPTCHA] ROI quét: Y=[763, 1063], X=[84, 604]
[07:17:32] [CAPTCHA] Mốc tiêu đề (tx, ty): (114, 713)
[07:17:32] [CAPTCHA] Khối xanh phát hiện: Blue(150,973) [y_offset=260]
[07:17:32] [CAPTCHA] Vòng tròn đích: Đích(590,973) [y_offset=260]
[07:17:32] [CAPTCHA] Nét đứt Waypoint: Nét đứt(370,893)
[07:17:35] [SUCCESS] Dừng bot.
[07:20:23] [SUCCESS] ==================================================================
[07:20:23] [SUCCESS] 🚀 KHỞI ĐỘNG AUTO-CLICKER GOLIKE HOÀN TOÀN TỰ ĐỘNG (KHÔNG DÙNG AI)
[07:20:23] [SUCCESS] ==================================================================
[07:20:23] [SUCCESS] Đã kết nối thiết bị: dd1d8712
[07:20:23] [WARNING] Thiếu ảnh mẫu: 'templates\nut_dong_quang_cao.png'. Bỏ qua.
[07:20:23] [WARNING] Thiếu ảnh mẫu: 'templates\nut_tiep_tuc.png'. Bỏ qua.
[07:20:23] [INFO] Đã load thành công 14 ảnh mẫu.
[07:20:23] [JOB] --- BẮT ĐẦU VÒNG LẶP JOB MỚI (BƯỚC 1) ---
[07:20:25] [JOB] Vuốt màn hình để tìm nút Nhận Job...
[07:20:29] [JOB] Nhận Job mới (Click 'Bắt đầu kiếm xu ngay')...
[07:20:31] [JOB] --- KIỂM TRA CAPTCHA (BƯỚC 2) ---
[07:20:32] [JOB] Không phát hiện Captcha. Bỏ qua.
[07:20:32] [JOB] --- LÀM JOB TIKTOK (BƯỚC 3) ---
[07:20:36] [TIKTOK] Bấm nút mở app TikTok...
[07:20:46] [TIKTOK] [TIKTOK] Phát hiện Job Follow
[07:20:46] [TIKTOK] Bấm Follow TikTok tại (164, 439)
[07:20:48] [JOB] [TIKTOK] Đã hoàn thành tương tác trên TikTok. Chuẩn bị click Hoàn thành...
[07:20:52] [JOB] Bấm Hoàn thành...
[07:20:56] [INFO] Bấm OK nhận kết quả Job...
[07:20:57] [SUCCESS] Đã hoàn thành thành công 1 job!
[07:20:58] [JOB] --- BẮT ĐẦU VÒNG LẶP JOB MỚI (BƯỚC 1) ---
[07:20:59] [JOB] Vuốt màn hình để tìm nút Nhận Job...
[07:21:02] [JOB] Nhận Job mới (Click 'Bắt đầu kiếm xu ngay')...
[07:21:04] [JOB] --- KIỂM TRA CAPTCHA (BƯỚC 2) ---
[07:21:07] [JOB] Không phát hiện Captcha. Bỏ qua.
[07:21:07] [JOB] --- LÀM JOB TIKTOK (BƯỚC 3) ---
[07:21:09] [TIKTOK] Bấm nút mở app TikTok...
[07:21:22] [TIKTOK] [TIKTOK] Phát hiện Job Follow
[07:21:22] [TIKTOK] Bấm Follow TikTok tại (164, 439)
[07:21:23] [JOB] [TIKTOK] Đã hoàn thành tương tác trên TikTok. Chuẩn bị click Hoàn thành...
[07:21:29] [JOB] Bấm Hoàn thành...
[07:21:37] [INFO] Bấm OK nhận kết quả Job...
[07:21:37] [SUCCESS] Đã hoàn thành thành công 2 job!
[07:21:38] [JOB] --- BẮT ĐẦU VÒNG LẶP JOB MỚI (BƯỚC 1) ---
[07:21:39] [JOB] Vuốt màn hình để tìm nút Nhận Job...
[07:21:42] [JOB] Nhận Job mới (Click 'Bắt đầu kiếm xu ngay')...
[07:21:44] [JOB] --- KIỂM TRA CAPTCHA (BƯỚC 2) ---
[07:21:46] [JOB] Không phát hiện Captcha. Bỏ qua.
[07:21:46] [JOB] --- LÀM JOB TIKTOK (BƯỚC 3) ---
[07:21:48] [TIKTOK] Bấm nút mở app TikTok...
[07:21:59] [TIKTOK] [TIKTOK] Phát hiện Job Follow
[07:21:59] [TIKTOK] Bấm Follow TikTok tại (164, 439)
[07:22:00] [JOB] [TIKTOK] Đã hoàn thành tương tác trên TikTok. Chuẩn bị click Hoàn thành...
[07:22:04] [JOB] Bấm Hoàn thành...
[07:22:10] [INFO] Bấm OK nhận kết quả Job...
[07:22:10] [SUCCESS] Đã hoàn thành thành công 3 job!
[07:22:12] [JOB] --- BẮT ĐẦU VÒNG LẶP JOB MỚI (BƯỚC 1) ---
[07:22:13] [JOB] Vuốt màn hình để tìm nút Nhận Job...
[07:22:16] [JOB] Nhận Job mới (Click 'Bắt đầu kiếm xu ngay')...
[07:22:18] [JOB] --- KIỂM TRA CAPTCHA (BƯỚC 2) ---
[07:22:19] [JOB] Không phát hiện Captcha. Bỏ qua.
[07:22:19] [JOB] --- LÀM JOB TIKTOK (BƯỚC 3) ---
[07:22:20] [TIKTOK] Bấm nút mở app TikTok...
[07:22:31] [TIKTOK] [TIKTOK] Phát hiện Job Follow
[07:22:31] [TIKTOK] Bấm Follow TikTok tại (164, 439)
[07:22:32] [JOB] [TIKTOK] Đã hoàn thành tương tác trên TikTok. Chuẩn bị click Hoàn thành...
[07:22:36] [JOB] Bấm Hoàn thành...
[07:22:41] [INFO] Bấm OK nhận kết quả Job...
[07:22:41] [SUCCESS] Đã hoàn thành thành công 4 job!
[07:22:42] [JOB] --- BẮT ĐẦU VÒNG LẶP JOB MỚI (BƯỚC 1) ---
[07:22:44] [JOB] Vuốt màn hình để tìm nút Nhận Job...
[07:22:47] [JOB] Nhận Job mới (Click 'Bắt đầu kiếm xu ngay')...
[07:22:49] [JOB] --- KIỂM TRA CAPTCHA (BƯỚC 2) ---
[07:22:51] [CAPTCHA] Phát hiện màn hình Captcha Xác minh nhanh! Bắt đầu giải...
[07:22:51] [CAPTCHA] Phát hiện màn hình Captcha Xác minh nhanh!
[07:22:51] [CAPTCHA] Đang quét tìm khối vuông và đích (Lần thử 1/3)...
[07:22:51] [CAPTCHA] === DEBUG CAPTCHA ===
[07:22:51] [CAPTCHA] ROI quét: Y=[766, 1066], X=[70, 590]
[07:22:51] [CAPTCHA] Mốc tiêu đề (tx, ty): (100, 716)
[07:22:51] [CAPTCHA] Khối xanh phát hiện: Blue(136,976) [y_offset=260]
[07:22:51] [CAPTCHA] Vòng tròn đích: Đích(576,816) [y_offset=100]
[07:22:51] [CAPTCHA] Nét đứt Waypoint: Nét đứt(356,896)
[07:22:54] [CAPTCHA] Đã thực thi chuỗi sự kiện nhấn giữ -> kéo Bézier 3.5s -> thả tay qua adb.
[07:22:59] [WARNING] Captcha vẫn xuất hiện. Kéo thả thất bại.
[07:22:59] [CAPTCHA] Đang quét tìm khối vuông và đích (Lần thử 2/3)...
[07:22:59] [CAPTCHA] === DEBUG CAPTCHA ===
[07:22:59] [CAPTCHA] ROI quét: Y=[766, 1066], X=[70, 590]
[07:22:59] [CAPTCHA] Mốc tiêu đề (tx, ty): (100, 716)
[07:22:59] [CAPTCHA] Khối xanh phát hiện: Blue(136,976) [y_offset=260]
[07:22:59] [CAPTCHA] Vòng tròn đích: Đích(576,816) [y_offset=100]
[07:22:59] [CAPTCHA] Nét đứt Waypoint: Nét đứt(356,896)
[07:23:01] [SUCCESS] Dừng bot.
[07:26:48] [SUCCESS] ==================================================================
[07:26:48] [SUCCESS] 🚀 KHỞI ĐỘNG AUTO-CLICKER GOLIKE HOÀN TOÀN TỰ ĐỘNG (KHÔNG DÙNG AI)
[07:26:48] [SUCCESS] ==================================================================
[07:26:48] [SUCCESS] Đã kết nối thiết bị: dd1d8712
[07:26:48] [WARNING] Thiếu ảnh mẫu: 'templates\nut_dong_quang_cao.png'. Bỏ qua.
[07:26:48] [WARNING] Thiếu ảnh mẫu: 'templates\nut_tiep_tuc.png'. Bỏ qua.
[07:26:48] [INFO] Đã load thành công 14 ảnh mẫu.
[07:26:48] [JOB] --- BẮT ĐẦU VÒNG LẶP JOB MỚI (BƯỚC 1) ---
[07:26:50] [JOB] Vuốt màn hình để tìm nút Nhận Job...
[07:26:53] [JOB] Nhận Job mới (Click 'Bắt đầu kiếm xu ngay')...
[07:26:55] [JOB] --- KIỂM TRA CAPTCHA (BƯỚC 2) ---
[07:26:57] [CAPTCHA] Phát hiện màn hình Captcha Xác minh nhanh! Bắt đầu giải...
[07:26:57] [CAPTCHA] Phát hiện màn hình Captcha Xác minh nhanh!
[07:26:57] [CAPTCHA] Đang quét tìm khối vuông và đích (Lần thử 1/3)...
[07:26:57] [CAPTCHA] === DEBUG CAPTCHA ===
[07:26:57] [CAPTCHA] ROI quét: Y=[766, 1066], X=[70, 590]
[07:26:57] [CAPTCHA] Mốc tiêu đề (tx, ty): (100, 716)
[07:26:57] [CAPTCHA] Khối xanh phát hiện: Blue(136,976) [y_offset=260]
[07:26:57] [CAPTCHA] Vòng tròn đích: Đích(576,896) [y_offset=180]
[07:26:57] [CAPTCHA] Nét đứt Waypoint: Nét đứt(356,936)
[07:27:01] [CAPTCHA] Đã thực thi 2 chặng swipe liên tiếp qua Nét đứt thành công.
[07:27:05] [WARNING] Captcha vẫn xuất hiện. Kéo thả thất bại.
[07:27:05] [CAPTCHA] Đang quét tìm khối vuông và đích (Lần thử 2/3)...
[07:27:05] [CAPTCHA] === DEBUG CAPTCHA ===
[07:27:05] [CAPTCHA] ROI quét: Y=[766, 1066], X=[70, 590]
[07:27:05] [CAPTCHA] Mốc tiêu đề (tx, ty): (100, 716)
[07:27:05] [CAPTCHA] Khối xanh phát hiện: Blue(136,976) [y_offset=260]
[07:27:05] [CAPTCHA] Vòng tròn đích: Đích(576,896) [y_offset=180]
[07:27:05] [CAPTCHA] Nét đứt Waypoint: Nét đứt(356,936)
[07:27:09] [CAPTCHA] Đã thực thi 2 chặng swipe liên tiếp qua Nét đứt thành công.
[07:27:13] [ERROR] Không thể tự động giải Captcha sau 3 lần thử.
[07:27:15] [SUCCESS] Dừng bot.
[07:33:55] [SUCCESS] ==================================================================
[07:33:55] [SUCCESS] 🚀 KHỞI ĐỘNG AUTO-CLICKER GOLIKE HOÀN TOÀN TỰ ĐỘNG (KHÔNG DÙNG AI)
[07:33:55] [SUCCESS] ==================================================================
[07:33:55] [SUCCESS] Đã kết nối thiết bị: dd1d8712
[07:33:55] [WARNING] Thiếu ảnh mẫu: 'templates\nut_dong_quang_cao.png'. Bỏ qua.
[07:33:55] [WARNING] Thiếu ảnh mẫu: 'templates\nut_tiep_tuc.png'. Bỏ qua.
[07:33:55] [INFO] Đã load thành công 14 ảnh mẫu.
[07:33:55] [JOB] --- BẮT ĐẦU VÒNG LẶP JOB MỚI (BƯỚC 1) ---
[07:33:58] [JOB] Vuốt màn hình để tìm nút Nhận Job...
[07:34:01] [JOB] Nhận Job mới (Click 'Bắt đầu kiếm xu ngay')...
[07:34:03] [JOB] --- KIỂM TRA CAPTCHA (BƯỚC 2) ---
[07:34:04] [CAPTCHA] Phát hiện màn hình Captcha Xác minh nhanh! Bắt đầu giải...
[07:34:04] [CAPTCHA] Phát hiện màn hình Captcha Xác minh nhanh!
[07:34:04] [CAPTCHA] Đang quét tìm khối vuông và đích (Lần thử 1/3)...
[07:34:05] [CAPTCHA] === DEBUG CAPTCHA ===
[07:34:05] [CAPTCHA] ROI quét: Y=[766, 1066], X=[70, 590]
[07:34:05] [CAPTCHA] Mốc tiêu đề (tx, ty): (100, 716)
[07:34:05] [CAPTCHA] Khối xanh phát hiện: Blue(136,976) [y_offset=260]
[07:34:05] [CAPTCHA] Vòng tròn đích: Đích(576,896) [y_offset=180]
[07:34:05] [CAPTCHA] Nét đứt Waypoint: Nét đứt(356,936)
[07:34:06] [CAPTCHA] Đã thực thi 2 chặng swipe liên tiếp qua Nét đứt thành công.
[07:34:10] [WARNING] Captcha vẫn xuất hiện. Kéo thả thất bại.
[07:34:10] [CAPTCHA] Đang quét tìm khối vuông và đích (Lần thử 2/3)...
[07:34:11] [CAPTCHA] === DEBUG CAPTCHA ===
[07:34:11] [CAPTCHA] ROI quét: Y=[766, 1066], X=[70, 590]
[07:34:11] [CAPTCHA] Mốc tiêu đề (tx, ty): (100, 716)
[07:34:11] [CAPTCHA] Khối xanh phát hiện: Blue(136,976) [y_offset=260]
[07:34:11] [CAPTCHA] Vòng tròn đích: Đích(576,896) [y_offset=180]
[07:34:11] [CAPTCHA] Nét đứt Waypoint: Nét đứt(356,936)
[07:34:12] [CAPTCHA] Đã thực thi 2 chặng swipe liên tiếp qua Nét đứt thành công.
[07:34:16] [WARNING] Captcha vẫn xuất hiện. Kéo thả thất bại.
[07:34:16] [CAPTCHA] Đang quét tìm khối vuông và đích (Lần thử 3/3)...
[07:34:16] [SUCCESS] Dừng bot.
[07:43:52] [SUCCESS] ==================================================================
[07:43:52] [SUCCESS] 🚀 KHỞI ĐỘNG AUTO-CLICKER GOLIKE HOÀN TOÀN TỰ ĐỘNG (KHÔNG DÙNG AI)
[07:43:52] [SUCCESS] ==================================================================
[07:43:52] [SUCCESS] Đã kết nối thiết bị: dd1d8712
[07:43:52] [WARNING] Thiếu ảnh mẫu: 'templates\nut_dong_quang_cao.png'. Bỏ qua.
[07:43:52] [WARNING] Thiếu ảnh mẫu: 'templates\nut_tiep_tuc.png'. Bỏ qua.
[07:43:52] [INFO] Đã load thành công 14 ảnh mẫu.
[07:43:52] [JOB] --- BẮT ĐẦU VÒNG LẶP JOB MỚI (BƯỚC 1) ---
[07:43:55] [SUCCESS] Dừng bot.
[07:44:01] [SUCCESS] ==================================================================
[07:44:01] [SUCCESS] 🚀 KHỞI ĐỘNG AUTO-CLICKER GOLIKE HOÀN TOÀN TỰ ĐỘNG (KHÔNG DÙNG AI)
[07:44:01] [SUCCESS] ==================================================================
[07:44:01] [SUCCESS] Đã kết nối thiết bị: dd1d8712
[07:44:01] [WARNING] Thiếu ảnh mẫu: 'templates\nut_dong_quang_cao.png'. Bỏ qua.
[07:44:01] [WARNING] Thiếu ảnh mẫu: 'templates\nut_tiep_tuc.png'. Bỏ qua.
[07:44:01] [INFO] Đã load thành công 14 ảnh mẫu.
[07:44:01] [JOB] --- BẮT ĐẦU VÒNG LẶP JOB MỚI (BƯỚC 1) ---
[07:44:03] [JOB] Vuốt màn hình để tìm nút Nhận Job...
[07:44:06] [JOB] Nhận Job mới (Click 'Bắt đầu kiếm xu ngay')...
[07:44:08] [JOB] --- KIỂM TRA CAPTCHA (BƯỚC 2) ---
[07:44:10] [CAPTCHA] Phát hiện màn hình Captcha Xác minh nhanh! Bắt đầu giải...
[07:44:10] [CAPTCHA] Phát hiện màn hình Captcha Xác minh nhanh!
[07:44:10] [CAPTCHA] Đang quét tìm khối vuông và đích (Lần thử 1/3)...
[07:44:10] [CAPTCHA] === DEBUG CAPTCHA ===
[07:44:10] [CAPTCHA] ROI quét: Y=[766, 1066], X=[70, 590]
[07:44:10] [CAPTCHA] Mốc tiêu đề (tx, ty): (100, 716)
[07:44:10] [CAPTCHA] Khối xanh phát hiện: Blue(136,976) [y_offset=260]
[07:44:10] [CAPTCHA] Vòng tròn đích: Đích(576,896) [y_offset=180]
[07:44:10] [CAPTCHA] Nét đứt Waypoint: Nét đứt(356,936)
[07:44:16] [SUCCESS] Dừng bot.
[07:46:15] [SUCCESS] ==================================================================
[07:46:15] [SUCCESS] 🚀 KHỞI ĐỘNG AUTO-CLICKER GOLIKE HOÀN TOÀN TỰ ĐỘNG (KHÔNG DÙNG AI)
[07:46:15] [SUCCESS] ==================================================================
[07:46:15] [SUCCESS] Đã kết nối thiết bị: dd1d8712
[07:46:15] [WARNING] Thiếu ảnh mẫu: 'templates\nut_dong_quang_cao.png'. Bỏ qua.
[07:46:15] [WARNING] Thiếu ảnh mẫu: 'templates\nut_tiep_tuc.png'. Bỏ qua.
[07:46:15] [INFO] Đã load thành công 14 ảnh mẫu.
[07:46:15] [JOB] --- BẮT ĐẦU VÒNG LẶP JOB MỚI (BƯỚC 1) ---
[07:46:19] [JOB] Vuốt màn hình để tìm nút Nhận Job...
[07:46:23] [JOB] Nhận Job mới (Click 'Bắt đầu kiếm xu ngay')...
[07:46:25] [JOB] --- KIỂM TRA CAPTCHA (BƯỚC 2) ---
[07:46:27] [CAPTCHA] Phát hiện màn hình Captcha Xác minh nhanh! Bắt đầu giải...
[07:46:27] [CAPTCHA] Phát hiện màn hình Captcha Xác minh nhanh!
[07:46:27] [CAPTCHA] Đang quét tìm khối vuông và đích (Lần thử 1/3)...
[07:46:27] [CAPTCHA] === DEBUG CAPTCHA ===
[07:46:27] [CAPTCHA] ROI quét: Y=[766, 1066], X=[70, 590]
[07:46:27] [CAPTCHA] Mốc tiêu đề (tx, ty): (100, 716)
[07:46:27] [CAPTCHA] Khối xanh phát hiện: Blue(222,767) [y_offset=100]
[07:46:27] [CAPTCHA] Vòng tròn đích: Đích(576,896) [y_offset=180]
[07:46:27] [CAPTCHA] Nét đứt Waypoint: Nét đứt(399,831)
[07:46:27] [SUCCESS] Đã xuất chi tiết hành trình tọa độ và lệnh kéo vào file: drag_log.txt
[07:46:27] [CAPTCHA] Đang chạm giữ tại Blue (221, 768)...
[07:46:27] [CAPTCHA] Đang kéo Bézier 3.5s đi qua Waypoint Nét đứt (399, 831)...
[07:46:27] [CAPTCHA] Đang thả tay tại Đích (576, 895)...
[07:46:35] [CAPTCHA] Đã chạy thành công 1 lệnh shell kéo Bézier mượt mà trên thiết bị.
[07:46:36] [SUCCESS] Dừng bot.
[07:48:19] [SUCCESS] ==================================================================
[07:48:19] [SUCCESS] 🚀 KHỞI ĐỘNG AUTO-CLICKER GOLIKE HOÀN TOÀN TỰ ĐỘNG (KHÔNG DÙNG AI)
[07:48:19] [SUCCESS] ==================================================================
[07:48:20] [SUCCESS] Đã kết nối thiết bị: dd1d8712
[07:48:20] [WARNING] Thiếu ảnh mẫu: 'templates\nut_dong_quang_cao.png'. Bỏ qua.
[07:48:20] [WARNING] Thiếu ảnh mẫu: 'templates\nut_tiep_tuc.png'. Bỏ qua.
[07:48:20] [INFO] Đã load thành công 14 ảnh mẫu.
[07:48:20] [JOB] --- BẮT ĐẦU VÒNG LẶP JOB MỚI (BƯỚC 1) ---
[07:48:22] [JOB] Vuốt màn hình để tìm nút Nhận Job...
[07:48:26] [JOB] Nhận Job mới (Click 'Bắt đầu kiếm xu ngay')...
[07:48:28] [JOB] --- KIỂM TRA CAPTCHA (BƯỚC 2) ---
[07:48:30] [CAPTCHA] Phát hiện màn hình Captcha Xác minh nhanh! Bắt đầu giải...
[07:48:30] [CAPTCHA] Phát hiện màn hình Captcha Xác minh nhanh!
[07:48:30] [CAPTCHA] Đang quét tìm khối vuông và đích (Lần thử 1/3)...
[07:48:30] [CAPTCHA] === DEBUG CAPTCHA ===
[07:48:30] [CAPTCHA] ROI quét: Y=[766, 1066], X=[70, 590]
[07:48:30] [CAPTCHA] Mốc tiêu đề (tx, ty): (100, 716)
[07:48:30] [CAPTCHA] Khối xanh phát hiện: Blue(150,816) [y_offset=100]
[07:48:30] [CAPTCHA] Vòng tròn đích: Đích(576,896) [y_offset=180]
[07:48:30] [CAPTCHA] Nét đứt Waypoint: Nét đứt(363,856)
[07:48:30] [SUCCESS] Đã xuất chi tiết hành trình tọa độ và lệnh kéo vào file: drag_log.txt
[07:48:30] [CAPTCHA] Đang chạm giữ tại Blue (151, 817)...
[07:48:30] [CAPTCHA] Đang kéo Bézier 3.5s đi qua Waypoint Nét đứt (363, 856)...
[07:48:30] [CAPTCHA] Đang thả tay tại Đích (576, 895)...
[07:48:38] [CAPTCHA] Đã chạy thành công 1 lệnh shell kéo Bézier mượt mà trên thiết bị.
[07:48:42] [WARNING] Captcha vẫn xuất hiện. Kéo thả thất bại.
[07:48:42] [CAPTCHA] Đang quét tìm khối vuông và đích (Lần thử 2/3)...
[07:48:42] [CAPTCHA] === DEBUG CAPTCHA ===
[07:48:42] [CAPTCHA] ROI quét: Y=[766, 1066], X=[70, 590]
[07:48:42] [CAPTCHA] Mốc tiêu đề (tx, ty): (100, 716)
[07:48:42] [CAPTCHA] Khối xanh phát hiện: Blue(150,816) [y_offset=100]
[07:48:42] [CAPTCHA] Vòng tròn đích: Đích(576,896) [y_offset=180]
[07:48:42] [CAPTCHA] Nét đứt Waypoint: Nét đứt(363,856)
[07:48:42] [SUCCESS] Đã xuất chi tiết hành trình tọa độ và lệnh kéo vào file: drag_log.txt
[07:48:42] [CAPTCHA] Đang chạm giữ tại Blue (151, 816)...
[07:48:42] [CAPTCHA] Đang kéo Bézier 3.5s đi qua Waypoint Nét đứt (363, 856)...
[07:48:42] [CAPTCHA] Đang thả tay tại Đích (576, 896)...
[07:48:50] [SUCCESS] Dừng bot.
[07:50:40] [SUCCESS] ==================================================================
[07:50:40] [SUCCESS] 🚀 KHỞI ĐỘNG AUTO-CLICKER GOLIKE HOÀN TOÀN TỰ ĐỘNG (KHÔNG DÙNG AI)
[07:50:40] [SUCCESS] ==================================================================
[07:50:40] [SUCCESS] Đã kết nối thiết bị: dd1d8712
[07:50:40] [WARNING] Thiếu ảnh mẫu: 'templates\nut_dong_quang_cao.png'. Bỏ qua.
[07:50:40] [WARNING] Thiếu ảnh mẫu: 'templates\nut_tiep_tuc.png'. Bỏ qua.
[07:50:40] [INFO] Đã load thành công 14 ảnh mẫu.
[07:50:40] [JOB] --- BẮT ĐẦU VÒNG LẶP JOB MỚI (BƯỚC 1) ---
[07:50:42] [JOB] Vuốt màn hình để tìm nút Nhận Job...
[07:50:45] [JOB] Nhận Job mới (Click 'Bắt đầu kiếm xu ngay')...
[07:50:47] [JOB] --- KIỂM TRA CAPTCHA (BƯỚC 2) ---
[07:50:49] [CAPTCHA] Phát hiện màn hình Captcha Xác minh nhanh! Bắt đầu giải...
[07:50:49] [CAPTCHA] Phát hiện màn hình Captcha Xác minh nhanh!
[07:50:49] [CAPTCHA] Đang quét tìm khối vuông và đích (Lần thử 1/3)...
[07:50:50] [CAPTCHA] === DEBUG CAPTCHA ===
[07:50:50] [CAPTCHA] ROI quét: Y=[766, 1066], X=[70, 590]
[07:50:50] [CAPTCHA] Mốc tiêu đề (tx, ty): (100, 716)
[07:50:50] [CAPTCHA] Khối xanh phát hiện: Blue(150,816) [y_offset=100]
[07:50:50] [CAPTCHA] Vòng tròn đích: Đích(576,896) [y_offset=180]
[07:50:50] [CAPTCHA] Nét đứt Waypoint: Nét đứt(363,856)
[07:50:50] [SUCCESS] Đã xuất chi tiết hành trình tọa độ và lệnh kéo vào file: drag_log.txt
[07:50:50] [CAPTCHA] Đang chạm giữ tại Blue (151, 815)...
[07:50:50] [CAPTCHA] Đang kéo Bézier 3.5s đi qua Waypoint Nét đứt (363, 856)...
[07:50:50] [CAPTCHA] Đang thả tay tại Đích (575, 897)...
[07:50:58] [CAPTCHA] Đã chạy thành công 1 lệnh shell kéo Bézier mượt mà trên thiết bị.
[07:50:58] [SUCCESS] Dừng bot.
[08:07:38] [SUCCESS] ==================================================================
[08:07:38] [SUCCESS] 🚀 KHỞI ĐỘNG AUTO-CLICKER GOLIKE HOÀN TOÀN TỰ ĐỘNG (KHÔNG DÙNG AI)
[08:07:38] [SUCCESS] ==================================================================
[08:07:38] [SUCCESS] Đã kết nối thiết bị: dd1d8712
[08:07:38] [WARNING] Thiếu ảnh mẫu: 'templates\nut_dong_quang_cao.png'. Bỏ qua.
[08:07:38] [WARNING] Thiếu ảnh mẫu: 'templates\nut_tiep_tuc.png'. Bỏ qua.
[08:07:38] [INFO] Đã load thành công 14 ảnh mẫu.
[08:07:38] [JOB] --- BẮT ĐẦU VÒNG LẶP JOB MỚI (BƯỚC 1) ---
[08:07:40] [JOB] Vuốt màn hình để tìm nút Nhận Job...
[08:07:43] [JOB] Nhận Job mới (Click 'Bắt đầu kiếm xu ngay')...
[08:07:46] [JOB] --- KIỂM TRA CAPTCHA (BƯỚC 2) ---
[08:07:47] [JOB] Không phát hiện Captcha. Bỏ qua.
[08:07:47] [JOB] --- LÀM JOB TIKTOK (BƯỚC 3) ---
[08:07:49] [TIKTOK] Bấm nút mở app TikTok...
[08:07:59] [TIKTOK] [TIKTOK] Phát hiện Job Follow
[08:07:59] [TIKTOK] Bấm Follow TikTok tại (164, 439)
[08:08:01] [JOB] [TIKTOK] Đã hoàn thành tương tác trên TikTok. Chuẩn bị click Hoàn thành...
[08:08:04] [JOB] Bấm Hoàn thành...
[08:08:09] [INFO] Bấm OK nhận kết quả Job...
[08:08:09] [SUCCESS] Đã hoàn thành thành công 1 job!
[08:08:10] [JOB] --- BẮT ĐẦU VÒNG LẶP JOB MỚI (BƯỚC 1) ---
[08:08:11] [JOB] Vuốt màn hình để tìm nút Nhận Job...
[08:08:15] [JOB] Nhận Job mới (Click 'Bắt đầu kiếm xu ngay')...
[08:08:17] [JOB] --- KIỂM TRA CAPTCHA (BƯỚC 2) ---
[08:08:19] [JOB] Không phát hiện Captcha. Bỏ qua.
[08:08:19] [JOB] --- LÀM JOB TIKTOK (BƯỚC 3) ---
[08:08:21] [TIKTOK] Bấm nút mở app TikTok...
[08:08:31] [TIKTOK] [TIKTOK] Phát hiện Job Follow
[08:08:31] [TIKTOK] Bấm Follow TikTok tại (164, 439)
[08:08:33] [JOB] [TIKTOK] Đã hoàn thành tương tác trên TikTok. Chuẩn bị click Hoàn thành...
[08:08:35] [JOB] Bấm Hoàn thành...
[08:08:39] [INFO] Bấm OK nhận kết quả Job...
[08:08:40] [SUCCESS] Đã hoàn thành thành công 2 job!
[08:08:41] [JOB] --- BẮT ĐẦU VÒNG LẶP JOB MỚI (BƯỚC 1) ---
[08:08:42] [JOB] Vuốt màn hình để tìm nút Nhận Job...
[08:08:45] [JOB] Nhận Job mới (Click 'Bắt đầu kiếm xu ngay')...
[08:08:47] [JOB] --- KIỂM TRA CAPTCHA (BƯỚC 2) ---
[08:08:50] [JOB] Không phát hiện Captcha. Bỏ qua.
[08:08:50] [JOB] --- LÀM JOB TIKTOK (BƯỚC 3) ---
[08:08:51] [TIKTOK] Bấm nút mở app TikTok...
[08:09:00] [TIKTOK] [TIKTOK] Phát hiện Job Follow
[08:09:00] [TIKTOK] Bấm Follow TikTok tại (546, 638)
[08:09:02] [JOB] [TIKTOK] Đã hoàn thành tương tác trên TikTok. Chuẩn bị click Hoàn thành...
[08:09:04] [JOB] Bấm Hoàn thành...
[08:09:20] [INFO] Bấm OK nhận kết quả Job...
[08:09:20] [WARNING] Hệ thống báo lỗi. Kích hoạt cờ báo lỗi...
[08:09:22] [JOB] Gửi báo cáo lỗi...
[08:09:26] [JOB] --- BẮT ĐẦU VÒNG LẶP JOB MỚI (BƯỚC 1) ---
[08:09:30] [SUCCESS] Dừng bot.
[08:11:46] [SUCCESS] ==================================================================
[08:11:46] [SUCCESS] 🚀 KHỞI ĐỘNG AUTO-CLICKER GOLIKE HOÀN TOÀN TỰ ĐỘNG (KHÔNG DÙNG AI)
[08:11:46] [SUCCESS] ==================================================================
[08:11:46] [SUCCESS] Đã kết nối thiết bị: dd1d8712
[08:11:46] [WARNING] Thiếu ảnh mẫu: 'templates\nut_dong_quang_cao.png'. Bỏ qua.
[08:11:46] [WARNING] Thiếu ảnh mẫu: 'templates\nut_tiep_tuc.png'. Bỏ qua.
[08:11:46] [INFO] Đã load thành công 14 ảnh mẫu.
[08:11:46] [JOB] --- BẮT ĐẦU VÒNG LẶP JOB MỚI (BƯỚC 1) ---
[08:11:47] [JOB] Vuốt màn hình để tìm nút Nhận Job...
[08:11:51] [JOB] Nhận Job mới (Click 'Bắt đầu kiếm xu ngay')...
[08:11:53] [JOB] --- KIỂM TRA CAPTCHA (BƯỚC 2) ---
[08:11:54] [CAPTCHA] Phát hiện màn hình Captcha Xác minh nhanh! Bắt đầu giải...
[08:11:54] [CAPTCHA] Phát hiện màn hình Captcha Xác minh nhanh! Bắt đầu giải...
[08:11:54] [CAPTCHA] Đang quét tìm khối vuông và đích (Lần thử 1/3)...
[08:11:55] [WARNING] Không tìm thấy khối xanh qua HSV, dùng tọa độ mặc định.
[08:11:55] [CAPTCHA] === DEBUG CAPTCHA ===
[08:11:55] [CAPTCHA] ROI quét: Y=[773, 1133], X=[70, 600]
[08:11:55] [CAPTCHA] Mốc tiêu đề (tx, ty): (100, 723)
[08:11:55] [CAPTCHA] Khối xanh phát hiện: Blue(150,983)
[08:11:55] [CAPTCHA] Vòng tròn đích: Đích(536,957)
[08:11:55] [CAPTCHA] Nét đứt Waypoint: Nét đứt(343,1133)
[08:11:55] [CAPTCHA] Đang chạm giữ tại Blue (150, 983)...
[08:11:55] [CAPTCHA] Đang kéo Bézier mượt mà qua Waypoint Nét đứt (343, 1133)...
[08:11:55] [CAPTCHA] Đang thả tay tại Đích (536, 957)...
[08:11:58] [CAPTCHA] Đã chạy thành công lệnh monkey kéo thả Bézier mượt mà trên thiết bị.
[08:12:03] [WARNING] Captcha vẫn xuất hiện. Kéo thả thất bại.
[08:12:03] [CAPTCHA] Đang quét tìm khối vuông và đích (Lần thử 2/3)...
[08:12:04] [WARNING] Không tìm thấy khối xanh qua HSV, dùng tọa độ mặc định.
[08:12:04] [CAPTCHA] === DEBUG CAPTCHA ===
[08:12:04] [CAPTCHA] ROI quét: Y=[773, 1133], X=[70, 600]
[08:12:04] [CAPTCHA] Mốc tiêu đề (tx, ty): (100, 723)
[08:12:04] [CAPTCHA] Khối xanh phát hiện: Blue(150,983)
[08:12:04] [CAPTCHA] Vòng tròn đích: Đích(536,957)
[08:12:04] [CAPTCHA] Nét đứt Waypoint: Nét đứt(343,1133)
[08:12:04] [CAPTCHA] Đang chạm giữ tại Blue (150, 983)...
[08:12:04] [CAPTCHA] Đang kéo Bézier mượt mà qua Waypoint Nét đứt (343, 1133)...
[08:12:04] [CAPTCHA] Đang thả tay tại Đích (536, 957)...
[08:12:07] [CAPTCHA] Đã chạy thành công lệnh monkey kéo thả Bézier mượt mà trên thiết bị.
[08:12:08] [SUCCESS] Dừng bot.
[08:14:03] [SUCCESS] ==================================================================
[08:14:03] [SUCCESS] 🚀 KHỞI ĐỘNG AUTO-CLICKER GOLIKE HOÀN TOÀN TỰ ĐỘNG (KHÔNG DÙNG AI)
[08:14:03] [SUCCESS] ==================================================================
[08:14:03] [SUCCESS] Đã kết nối thiết bị: dd1d8712
[08:14:03] [WARNING] Thiếu ảnh mẫu: 'templates\nut_dong_quang_cao.png'. Bỏ qua.
[08:14:03] [WARNING] Thiếu ảnh mẫu: 'templates\nut_tiep_tuc.png'. Bỏ qua.
[08:14:03] [INFO] Đã load thành công 14 ảnh mẫu.
[08:14:03] [JOB] --- BẮT ĐẦU VÒNG LẶP JOB MỚI (BƯỚC 1) ---
[08:14:04] [JOB] Vuốt màn hình để tìm nút Nhận Job...
[08:14:07] [JOB] Nhận Job mới (Click 'Bắt đầu kiếm xu ngay')...
[08:14:10] [JOB] --- KIỂM TRA CAPTCHA (BƯỚC 2) ---
[08:14:10] [CAPTCHA] Phát hiện màn hình Captcha Xác minh nhanh! Bắt đầu giải...
[08:14:10] [CAPTCHA] Phát hiện màn hình Captcha Xác minh nhanh! Bắt đầu giải...
[08:14:10] [CAPTCHA] Đang quét tìm khối vuông và đích (Lần thử 1/3)...
[08:14:12] [WARNING] Không tìm thấy vòng tròn đích qua HSV, dùng tọa độ mặc định.
[08:14:12] [CAPTCHA] === DEBUG CAPTCHA ===
[08:14:12] [CAPTCHA] ROI quét: Y=[773, 1213], X=[70, 600]
[08:14:12] [CAPTCHA] Mốc tiêu đề (tx, ty): (100, 723)
[08:14:12] [CAPTCHA] Khối xanh phát hiện: Blue(126,1197)
[08:14:12] [CAPTCHA] Vòng tròn đích: Đích(576,983)
[08:14:12] [CAPTCHA] Nét đứt Waypoint: Nét đứt(351,1090)
[08:14:12] [CAPTCHA] Đang chạm giữ tại Blue (126, 1197)...
[08:14:12] [CAPTCHA] Đang kéo Bézier mượt mà qua Waypoint Nét đứt (351, 1090)...
[08:14:12] [CAPTCHA] Đang thả tay tại Đích (576, 983)...
[08:14:14] [CAPTCHA] Đã chạy thành công lệnh monkey kéo thả Bézier mượt mà trên thiết bị.
[08:14:20] [WARNING] Captcha vẫn xuất hiện. Kéo thả thất bại.
[08:14:20] [CAPTCHA] Đang quét tìm khối vuông và đích (Lần thử 2/3)...
[08:14:22] [WARNING] Không tìm thấy vòng tròn đích qua HSV, dùng tọa độ mặc định.
[08:14:22] [CAPTCHA] === DEBUG CAPTCHA ===
[08:14:22] [CAPTCHA] ROI quét: Y=[773, 1213], X=[70, 600]
[08:14:22] [CAPTCHA] Mốc tiêu đề (tx, ty): (100, 723)
[08:14:22] [CAPTCHA] Khối xanh phát hiện: Blue(116,1209)
[08:14:22] [CAPTCHA] Vòng tròn đích: Đích(576,983)
[08:14:22] [CAPTCHA] Nét đứt Waypoint: Nét đứt(346,1096)
[08:14:22] [CAPTCHA] Đang chạm giữ tại Blue (116, 1209)...
[08:14:22] [CAPTCHA] Đang kéo Bézier mượt mà qua Waypoint Nét đứt (346, 1096)...
[08:14:22] [CAPTCHA] Đang thả tay tại Đích (576, 983)...
[08:14:24] [CAPTCHA] Đã chạy thành công lệnh monkey kéo thả Bézier mượt mà trên thiết bị.
[08:14:27] [SUCCESS] Dừng bot.
[08:15:56] [SUCCESS] ==================================================================
[08:15:56] [SUCCESS] 🚀 KHỞI ĐỘNG AUTO-CLICKER GOLIKE HOÀN TOÀN TỰ ĐỘNG (KHÔNG DÙNG AI)
[08:15:56] [SUCCESS] ==================================================================
[08:15:56] [SUCCESS] Đã kết nối thiết bị: dd1d8712
[08:15:56] [WARNING] Thiếu ảnh mẫu: 'templates\nut_dong_quang_cao.png'. Bỏ qua.
[08:15:56] [WARNING] Thiếu ảnh mẫu: 'templates\nut_tiep_tuc.png'. Bỏ qua.
[08:15:56] [INFO] Đã load thành công 14 ảnh mẫu.
[08:15:56] [JOB] --- BẮT ĐẦU VÒNG LẶP JOB MỚI (BƯỚC 1) ---
[08:15:57] [JOB] Vuốt màn hình để tìm nút Nhận Job...
[08:16:00] [JOB] Nhận Job mới (Click 'Bắt đầu kiếm xu ngay')...
[08:16:02] [JOB] --- KIỂM TRA CAPTCHA (BƯỚC 2) ---
[08:16:03] [CAPTCHA] Phát hiện màn hình Captcha Xác minh nhanh! Bắt đầu giải...
[08:16:03] [CAPTCHA] Phát hiện màn hình Captcha Xác minh nhanh! Bắt đầu giải...
[08:16:03] [CAPTCHA] Đang quét tìm khối vuông và đích (Lần thử 1/3)...
[08:16:05] [CAPTCHA] === DEBUG CAPTCHA ===
[08:16:05] [CAPTCHA] ROI quét: Y=[773, 1213], X=[70, 650]
[08:16:05] [CAPTCHA] Mốc tiêu đề (tx, ty): (100, 723)
[08:16:05] [CAPTCHA] Khối xanh phát hiện: Blue(86,1111)
[08:16:05] [CAPTCHA] Vòng tròn đích: Đích(536,957)
[08:16:05] [CAPTCHA] Nét đứt Waypoint: Nét đứt(311,1034)
[08:16:05] [CAPTCHA] Đang chạm giữ tại Blue (86, 1111)...
[08:16:05] [CAPTCHA] Đang kéo Bézier mượt mà qua Waypoint Nét đứt (311, 1034)...
[08:16:05] [CAPTCHA] Đang thả tay tại Đích (536, 957)...
[08:16:07] [CAPTCHA] Đã chạy thành công lệnh monkey kéo thả Bézier mượt mà trên thiết bị.
[08:16:12] [WARNING] Captcha vẫn xuất hiện. Kéo thả thất bại.
[08:16:12] [CAPTCHA] Đang quét tìm khối vuông và đích (Lần thử 2/3)...
[08:16:13] [WARNING] Không tìm thấy khối xanh qua HSV, dùng tọa độ mặc định.
[08:16:13] [CAPTCHA] === DEBUG CAPTCHA ===
[08:16:13] [CAPTCHA] ROI quét: Y=[773, 1213], X=[70, 650]
[08:16:13] [CAPTCHA] Mốc tiêu đề (tx, ty): (100, 723)
[08:16:13] [CAPTCHA] Khối xanh phát hiện: Blue(136,1106)
[08:16:13] [CAPTCHA] Vòng tròn đích: Đích(429,1146)
[08:16:13] [CAPTCHA] Nét đứt Waypoint: Nét đứt(282,1126)
[08:16:13] [CAPTCHA] Đang chạm giữ tại Blue (136, 1106)...
[08:16:13] [CAPTCHA] Đang kéo Bézier mượt mà qua Waypoint Nét đứt (282, 1126)...
[08:16:13] [CAPTCHA] Đang thả tay tại Đích (429, 1146)...
[08:16:15] [CAPTCHA] Đã chạy thành công lệnh monkey kéo thả Bézier mượt mà trên thiết bị.
[08:16:20] [WARNING] Captcha vẫn xuất hiện. Kéo thả thất bại.
[08:16:20] [CAPTCHA] Đang quét tìm khối vuông và đích (Lần thử 3/3)...
[08:16:21] [WARNING] Không tìm thấy khối xanh qua HSV, dùng tọa độ mặc định.
[08:16:21] [CAPTCHA] === DEBUG CAPTCHA ===
[08:16:21] [CAPTCHA] ROI quét: Y=[773, 1213], X=[70, 650]
[08:16:21] [CAPTCHA] Mốc tiêu đề (tx, ty): (100, 723)
[08:16:21] [CAPTCHA] Khối xanh phát hiện: Blue(136,1106)
[08:16:21] [CAPTCHA] Vòng tròn đích: Đích(429,1146)
[08:16:21] [CAPTCHA] Nét đứt Waypoint: Nét đứt(282,1126)
[08:16:21] [CAPTCHA] Đang chạm giữ tại Blue (136, 1106)...
[08:16:21] [CAPTCHA] Đang kéo Bézier mượt mà qua Waypoint Nét đứt (282, 1126)...
[08:16:21] [CAPTCHA] Đang thả tay tại Đích (429, 1146)...
[08:16:23] [SUCCESS] Dừng bot.
[08:20:02] [SUCCESS] ==================================================================
[08:20:02] [SUCCESS] 🚀 KHỞI ĐỘNG AUTO-CLICKER GOLIKE HOÀN TOÀN TỰ ĐỘNG (KHÔNG DÙNG AI)
[08:20:02] [SUCCESS] ==================================================================
[08:20:02] [SUCCESS] Đã kết nối thiết bị: dd1d8712
[08:20:02] [WARNING] Thiếu ảnh mẫu: 'templates\nut_dong_quang_cao.png'. Bỏ qua.
[08:20:02] [WARNING] Thiếu ảnh mẫu: 'templates\nut_tiep_tuc.png'. Bỏ qua.
[08:20:02] [INFO] Đã load thành công 14 ảnh mẫu.
[08:20:02] [JOB] --- BẮT ĐẦU VÒNG LẶP JOB MỚI (BƯỚC 1) ---
[08:20:04] [JOB] Vuốt màn hình để tìm nút Nhận Job...
[08:20:07] [JOB] Nhận Job mới (Click 'Bắt đầu kiếm xu ngay')...
[08:20:09] [JOB] --- KIỂM TRA CAPTCHA (BƯỚC 2) ---
[08:20:10] [CAPTCHA] Phát hiện màn hình Captcha Xác minh nhanh! Bắt đầu giải...
[08:20:10] [CAPTCHA] Phát hiện màn hình Captcha Xác minh nhanh! Bắt đầu giải...
[08:20:10] [CAPTCHA] Đang quét tìm khối vuông và đích (Lần thử 1/3)...
[08:20:12] [CAPTCHA] === DEBUG CAPTCHA ===
[08:20:12] [CAPTCHA] ROI quét: Y=[773, 1273], X=[70, 650]
[08:20:12] [CAPTCHA] Mốc tiêu đề (tx, ty): (100, 723)
[08:20:12] [CAPTCHA] Khối xanh phát hiện: Blue(112,1198)
[08:20:12] [CAPTCHA] Vòng tròn đích: Đích(412,1114)
[08:20:12] [CAPTCHA] Nét đứt Waypoint: Nét đứt(262,1156)
[08:20:12] [CAPTCHA] Đang chạm giữ tại Blue (112, 1198)...
[08:20:12] [CAPTCHA] Đang kéo Bézier mượt mà qua Waypoint Nét đứt (262, 1156)...
[08:20:12] [CAPTCHA] Đang thả tay tại Đích (412, 1114)...
[08:20:15] [CAPTCHA] Đã chạy thành công lệnh monkey kéo thả Bézier mượt mà trên thiết bị.
[08:20:19] [WARNING] Captcha vẫn xuất hiện. Kéo thả thất bại.
[08:20:19] [CAPTCHA] Đang quét tìm khối vuông và đích (Lần thử 2/3)...
[08:20:20] [CAPTCHA] === DEBUG CAPTCHA ===
[08:20:20] [CAPTCHA] ROI quét: Y=[773, 1273], X=[70, 650]
[08:20:20] [CAPTCHA] Mốc tiêu đề (tx, ty): (100, 723)
[08:20:20] [CAPTCHA] Khối xanh phát hiện: Blue(116,1260)
[08:20:20] [CAPTCHA] Vòng tròn đích: Đích(390,1171)
[08:20:20] [CAPTCHA] Nét đứt Waypoint: Nét đứt(253,1215)
[08:20:20] [CAPTCHA] Đang chạm giữ tại Blue (116, 1260)...
[08:20:20] [CAPTCHA] Đang kéo Bézier mượt mà qua Waypoint Nét đứt (253, 1215)...
[08:20:20] [CAPTCHA] Đang thả tay tại Đích (390, 1171)...
[08:20:23] [CAPTCHA] Đã chạy thành công lệnh monkey kéo thả Bézier mượt mà trên thiết bị.
[08:20:27] [SUCCESS] Giải Captcha Xác minh nhanh thành công!
[08:20:31] [CAPTCHA] Giải Captcha thành công hoặc màn hình đã thay đổi!
[08:20:31] [JOB] --- LÀM JOB TIKTOK (BƯỚC 3) ---
[08:20:32] [TIKTOK] Bấm nút mở app TikTok...
[08:20:42] [TIKTOK] [TIKTOK] Phát hiện Job Follow
[08:20:42] [TIKTOK] Bấm Follow TikTok tại (164, 475)
[08:20:44] [JOB] [TIKTOK] Đã hoàn thành tương tác trên TikTok. Chuẩn bị click Hoàn thành...
[08:20:47] [JOB] Bấm Hoàn thành...
[08:20:54] [INFO] Bấm OK nhận kết quả Job...
[08:20:54] [SUCCESS] Đã hoàn thành thành công 1 job!
[08:20:55] [JOB] --- BẮT ĐẦU VÒNG LẶP JOB MỚI (BƯỚC 1) ---
[08:20:56] [JOB] Vuốt màn hình để tìm nút Nhận Job...
[08:20:59] [JOB] Nhận Job mới (Click 'Bắt đầu kiếm xu ngay')...
[08:21:01] [JOB] --- KIỂM TRA CAPTCHA (BƯỚC 2) ---
[08:21:03] [JOB] Không phát hiện Captcha. Bỏ qua.
[08:21:03] [JOB] --- LÀM JOB TIKTOK (BƯỚC 3) ---
[08:21:04] [TIKTOK] Bấm nút mở app TikTok...
[08:21:13] [TIKTOK] [TIKTOK] Phát hiện Job Follow
[08:21:13] [TIKTOK] Bấm Follow TikTok tại (164, 439)
[08:21:15] [JOB] [TIKTOK] Đã hoàn thành tương tác trên TikTok. Chuẩn bị click Hoàn thành...
[08:21:17] [JOB] Bấm Hoàn thành...
[08:21:23] [INFO] Bấm OK nhận kết quả Job...
[08:21:23] [SUCCESS] Đã hoàn thành thành công 2 job!
[08:21:24] [JOB] --- BẮT ĐẦU VÒNG LẶP JOB MỚI (BƯỚC 1) ---
[08:21:25] [JOB] Vuốt màn hình để tìm nút Nhận Job...
[08:21:28] [JOB] Nhận Job mới (Click 'Bắt đầu kiếm xu ngay')...
[08:21:30] [JOB] --- KIỂM TRA CAPTCHA (BƯỚC 2) ---
[08:21:32] [JOB] Không phát hiện Captcha. Bỏ qua.
[08:21:32] [JOB] --- LÀM JOB TIKTOK (BƯỚC 3) ---
[08:21:33] [TIKTOK] Bấm nút mở app TikTok...
[08:21:43] [TIKTOK] [TIKTOK] Phát hiện Job Follow
[08:21:43] [TIKTOK] Bấm Follow TikTok tại (164, 439)
[08:21:44] [JOB] [TIKTOK] Đã hoàn thành tương tác trên TikTok. Chuẩn bị click Hoàn thành...
[08:21:46] [JOB] Bấm Hoàn thành...
[08:21:51] [INFO] Bấm OK nhận kết quả Job...
[08:21:52] [SUCCESS] Đã hoàn thành thành công 3 job!
[08:21:53] [JOB] --- BẮT ĐẦU VÒNG LẶP JOB MỚI (BƯỚC 1) ---
[08:21:54] [JOB] Vuốt màn hình để tìm nút Nhận Job...
[08:21:58] [JOB] Nhận Job mới (Click 'Bắt đầu kiếm xu ngay')...
[08:22:00] [JOB] --- KIỂM TRA CAPTCHA (BƯỚC 2) ---
[08:22:02] [JOB] Không phát hiện Captcha. Bỏ qua.
[08:22:02] [JOB] --- LÀM JOB TIKTOK (BƯỚC 3) ---
[08:22:03] [TIKTOK] Bấm nút mở app TikTok...
[08:22:13] [TIKTOK] [TIKTOK] Phát hiện Job Follow
[08:22:13] [TIKTOK] Bấm Follow TikTok tại (164, 439)
[08:22:15] [JOB] [TIKTOK] Đã hoàn thành tương tác trên TikTok. Chuẩn bị click Hoàn thành...
[08:22:18] [JOB] Bấm Hoàn thành...
[08:22:24] [INFO] Bấm OK nhận kết quả Job...
[08:22:24] [SUCCESS] Đã hoàn thành thành công 4 job!
[08:22:25] [JOB] --- BẮT ĐẦU VÒNG LẶP JOB MỚI (BƯỚC 1) ---
[08:22:26] [JOB] Vuốt màn hình để tìm nút Nhận Job...
[08:22:28] [SUCCESS] Dừng bot.
[08:22:44] [SUCCESS] ==================================================================
[08:22:44] [SUCCESS] 🚀 KHỞI ĐỘNG AUTO-CLICKER GOLIKE HOÀN TOÀN TỰ ĐỘNG (KHÔNG DÙNG AI)
[08:22:44] [SUCCESS] ==================================================================
[08:22:44] [SUCCESS] Đã kết nối thiết bị: dd1d8712
[08:22:44] [WARNING] Thiếu ảnh mẫu: 'templates\nut_dong_quang_cao.png'. Bỏ qua.
[08:22:44] [WARNING] Thiếu ảnh mẫu: 'templates\nut_tiep_tuc.png'. Bỏ qua.
[08:22:44] [INFO] Đã load thành công 14 ảnh mẫu.
[08:22:44] [JOB] --- BẮT ĐẦU VÒNG LẶP JOB MỚI (BƯỚC 1) ---
[08:22:46] [JOB] Vuốt màn hình để tìm nút Nhận Job...
[08:22:49] [JOB] Nhận Job mới (Click 'Bắt đầu kiếm xu ngay')...
[08:22:51] [JOB] --- KIỂM TRA CAPTCHA (BƯỚC 2) ---
[08:22:53] [JOB] Không phát hiện Captcha. Bỏ qua.
[08:22:53] [JOB] --- LÀM JOB TIKTOK (BƯỚC 3) ---
[08:22:55] [TIKTOK] Bấm nút mở app TikTok...
[08:23:05] [TIKTOK] [TIKTOK] Phát hiện Job Follow
[08:23:05] [TIKTOK] Bấm Follow TikTok tại (164, 439)
[08:23:06] [JOB] [TIKTOK] Đã hoàn thành tương tác trên TikTok. Chuẩn bị click Hoàn thành...
[08:23:08] [JOB] Bấm Hoàn thành...
[08:23:17] [INFO] Bấm OK nhận kết quả Job...
[08:23:17] [SUCCESS] Đã hoàn thành thành công 1 job!
[08:23:19] [JOB] --- BẮT ĐẦU VÒNG LẶP JOB MỚI (BƯỚC 1) ---
[08:23:21] [JOB] Vuốt màn hình để tìm nút Nhận Job...
[08:23:25] [JOB] Nhận Job mới (Click 'Bắt đầu kiếm xu ngay')...
[08:23:27] [JOB] --- KIỂM TRA CAPTCHA (BƯỚC 2) ---
[08:23:29] [JOB] Không phát hiện Captcha. Bỏ qua.
[08:23:29] [JOB] --- LÀM JOB TIKTOK (BƯỚC 3) ---
[08:23:31] [TIKTOK] Bấm nút mở app TikTok...
[08:23:44] [TIKTOK] [TIKTOK] Phát hiện Job Follow
[08:23:44] [TIKTOK] Bấm Follow TikTok tại (164, 439)
[08:23:45] [JOB] [TIKTOK] Đã hoàn thành tương tác trên TikTok. Chuẩn bị click Hoàn thành...
[08:23:49] [JOB] Bấm Hoàn thành...
[08:23:55] [INFO] Bấm OK nhận kết quả Job...
[08:23:56] [WARNING] Hệ thống báo lỗi. Kích hoạt cờ báo lỗi...
[08:23:59] [JOB] Gửi báo cáo lỗi...
[08:24:08] [JOB] --- BẮT ĐẦU VÒNG LẶP JOB MỚI (BƯỚC 1) ---
[08:24:28] [SUCCESS] Dừng bot.
